AAC,EXCHANGE
AAMC,EXCHANGE
AAON,EXCHANGE
AAPC,EXCHANGE
AAT,EXCHANGE
AAV,EXCHANGE
AAWW,EXCHANGE
AB,EXCHANGE
ABAX,EXCHANGE
ABB,EXCHANGE
ABBV,EXCHANGE
ABC,EXCHANGE
ABCB,EXCHANGE
ABCW,EXCHANGE
ABEO,EXCHANGE
ABIO,EXCHANGE
ABMD,EXCHANGE
ABR,EXCHANGE
ABT,EXCHANGE
ABUS,EXCHANGE
ABX,EXCHANGE
ABY,EXCHANGE
ACAD,EXCHANGE
ACAS,EXCHANGE
ACC,EXCHANGE
ACET,EXCHANGE
ACGL,EXCHANGE
ACH,EXCHANGE
ACHC,EXCHANGE
ACHN,EXCHANGE
ACM,EXCHANGE
ACOR,EXCHANGE
ACRE,EXCHANGE
ACRX,EXCHANGE
ACTG,EXCHANGE
ACW,EXCHANGE
ADC,EXCHANGE
ADHD,EXCHANGE
ADPT,EXCHANGE
ADRO,EXCHANGE
ADS,EXCHANGE
ADUS,EXCHANGE
ADXS,EXCHANGE
AEE,EXCHANGE
AEG,EXCHANGE
AEGN,EXCHANGE
AEGR,EXCHANGE
AEIS,EXCHANGE
AEL,EXCHANGE
AEM,EXCHANGE
AEP,EXCHANGE
AEPI,EXCHANGE
AER,EXCHANGE
AERI,EXCHANGE
AES,EXCHANGE
AET,EXCHANGE
AETI,EXCHANGE
AEZS,EXCHANGE
AF,EXCHANGE
AFAM,EXCHANGE
AFFX,EXCHANGE
AFG,EXCHANGE
AFL,EXCHANGE
AFMD,EXCHANGE
AFSI,EXCHANGE
AG,EXCHANGE
AGCO,EXCHANGE
AGEN,EXCHANGE
AGFS,EXCHANGE
AGI,EXCHANGE
AGII,EXCHANGE
AGIO,EXCHANGE
AGN,EXCHANGE
AGNC,EXCHANGE
AGO,EXCHANGE
AGRX,EXCHANGE
AGTC,EXCHANGE
AGU,EXCHANGE
AGX,EXCHANGE
AHGP,EXCHANGE
AHL,EXCHANGE
AHP,EXCHANGE
AHT,EXCHANGE
AI,EXCHANGE
AIG,EXCHANGE
AIMT,EXCHANGE
AINV,EXCHANGE
AIQ,EXCHANGE
AIR,EXCHANGE
AIRM,EXCHANGE
AIT,EXCHANGE
AIV,EXCHANGE
AIZ,EXCHANGE
AJG,EXCHANGE
AJRD,EXCHANGE
AKAO,EXCHANGE
AKBA,EXCHANGE
AKG,EXCHANGE
AKR,EXCHANGE
AKRX,EXCHANGE
AKS,EXCHANGE
AL,EXCHANGE
ALB,EXCHANGE
ALDR,EXCHANGE
ALDW,EXCHANGE
ALE,EXCHANGE
ALEX,EXCHANGE
ALG,EXCHANGE
ALGN,EXCHANGE
ALIM,EXCHANGE
ALJ,EXCHANGE
ALKS,EXCHANGE
ALL,EXCHANGE
ALLE,EXCHANGE
ALLT,EXCHANGE
ALLY,EXCHANGE
ALNY,EXCHANGE
ALOG,EXCHANGE
ALR,EXCHANGE
ALSK,EXCHANGE
ALSN,EXCHANGE
ALX,EXCHANGE
ALXN,EXCHANGE
AM,EXCHANGE
AMAG,EXCHANGE
AMBC,EXCHANGE
AMCX,EXCHANGE
AME,EXCHANGE
AMED,EXCHANGE
AMFW,EXCHANGE
AMG,EXCHANGE
AMGN,EXCHANGE
AMH,EXCHANGE
AMID,EXCHANGE
AMOT,EXCHANGE
AMP,EXCHANGE
AMPE,EXCHANGE
AMPH,EXCHANGE
AMRB,EXCHANGE
AMRC,EXCHANGE
AMRI,EXCHANGE
AMRN,EXCHANGE
AMRS,EXCHANGE
AMSC,EXCHANGE
AMSF,EXCHANGE
AMT,EXCHANGE
AMTD,EXCHANGE
AMTG,EXCHANGE
AMX,EXCHANGE
ANAC,EXCHANGE
ANAT,EXCHANGE
ANGI,EXCHANGE
ANGO,EXCHANGE
ANH,EXCHANGE
ANIK,EXCHANGE
ANIP,EXCHANGE
ANTH,EXCHANGE
ANTM,EXCHANGE
ANW,EXCHANGE
AON,EXCHANGE
AOS,EXCHANGE
APA,EXCHANGE
APAM,EXCHANGE
APC,EXCHANGE
APD,EXCHANGE
APH,EXCHANGE
APO,EXCHANGE
APOG,EXCHANGE
APU,EXCHANGE
AQXP,EXCHANGE
AR,EXCHANGE
ARAY,EXCHANGE
ARCB,EXCHANGE
ARCC,EXCHANGE
ARCW,EXCHANGE
ARDM,EXCHANGE
ARE,EXCHANGE
ARES,EXCHANGE
AREX,EXCHANGE
ARG,EXCHANGE
ARI,EXCHANGE
ARIA,EXCHANGE
ARII,EXCHANGE
ARLP,EXCHANGE
ARNA,EXCHANGE
AROC,EXCHANGE
ARPI,EXCHANGE
ARR,EXCHANGE
ARRY,EXCHANGE
ARWR,EXCHANGE
ASB,EXCHANGE
ASC,EXCHANGE
ASEI,EXCHANGE
ASH,EXCHANGE
ASMB,EXCHANGE
ASND,EXCHANGE
ASPN,EXCHANGE
ASPS,EXCHANGE
ASR,EXCHANGE
ASTC,EXCHANGE
ASTE,EXCHANGE
AT,EXCHANGE
ATHM,EXCHANGE
ATHX,EXCHANGE
ATI,EXCHANGE
ATLC,EXCHANGE
ATLS,EXCHANGE
ATNI,EXCHANGE
ATNY,EXCHANGE
ATO,EXCHANGE
ATR,EXCHANGE
ATRA,EXCHANGE
ATRC,EXCHANGE
ATRI,EXCHANGE
ATRO,EXCHANGE
ATSG,EXCHANGE
ATW,EXCHANGE
AU,EXCHANGE
AUMN,EXCHANGE
AUY,EXCHANGE
AV,EXCHANGE
AVA,EXCHANGE
AVAL,EXCHANGE
AVAV,EXCHANGE
AVB,EXCHANGE
AVD,EXCHANGE
AVEO,EXCHANGE
AVGR,EXCHANGE
AVY,EXCHANGE
AWH,EXCHANGE
AWK,EXCHANGE
AWR,EXCHANGE
AXAS,EXCHANGE
AXLL,EXCHANGE
AXON,EXCHANGE
AXP,EXCHANGE
AXS,EXCHANGE
AXTA,EXCHANGE
AXU,EXCHANGE
AYI,EXCHANGE
AYR,EXCHANGE
AZN,EXCHANGE
AZZ,EXCHANGE
BA,EXCHANGE
BAA,EXCHANGE
BABY,EXCHANGE
BAC,EXCHANGE
BAK,EXCHANGE
BAM,EXCHANGE
BANC,EXCHANGE
BANR,EXCHANGE
BAP,EXCHANGE
BAS,EXCHANGE
BAX,EXCHANGE
BBD,EXCHANGE
BBT,EXCHANGE
BBVA,EXCHANGE
BCC,EXCHANGE
BCE,EXCHANGE
BCEI,EXCHANGE
BCH,EXCHANGE
BCOR,EXCHANGE
BCPC,EXCHANGE
BCR,EXCHANGE
BCRH,EXCHANGE
BCRX,EXCHANGE
BCS,EXCHANGE
BDC,EXCHANGE
BDN,EXCHANGE
BDSI,EXCHANGE
BDX,EXCHANGE
BEAT,EXCHANGE
BEAV,EXCHANGE
BEN,EXCHANGE
BEP,EXCHANGE
BERY,EXCHANGE
BF.B,EXCHANGE
BFR,EXCHANGE
BFS,EXCHANGE
BGC,EXCHANGE
BGCP,EXCHANGE
BGG,EXCHANGE
BHBK,EXCHANGE
BHI,EXCHANGE
BHLB,EXCHANGE
BHP,EXCHANGE
BIDU,EXCHANGE
BIIB,EXCHANGE
BIN,EXCHANGE
BIO,EXCHANGE
BIOA,EXCHANGE
BIOS,EXCHANGE
BIP,EXCHANGE
BITA,EXCHANGE
BITI,EXCHANGE
BK,EXCHANGE
BKCC,EXCHANGE
BKD,EXCHANGE
BKEP,EXCHANGE
BKH,EXCHANGE
BKMU,EXCHANGE
BKU,EXCHANGE
BLCM,EXCHANGE
BLD,EXCHANGE
BLK,EXCHANGE
BLL,EXCHANGE
BLUE,EXCHANGE
BLVD,EXCHANGE
BLX,EXCHANGE
BMA,EXCHANGE
BMI,EXCHANGE
BMO,EXCHANGE
BMRN,EXCHANGE
BMS,EXCHANGE
BMY,EXCHANGE
BNCL,EXCHANGE
BNK,EXCHANGE
BNS,EXCHANGE
BOCH,EXCHANGE
BOFI,EXCHANGE
BOH,EXCHANGE
BOKF,EXCHANGE
BOOM,EXCHANGE
BP,EXCHANGE
BPFH,EXCHANGE
BPL,EXCHANGE
BPMC,EXCHANGE
BPOP,EXCHANGE
BPT,EXCHANGE
BPY,EXCHANGE
BRG,EXCHANGE
BRK.A,EXCHANGE
BRK.B,EXCHANGE
BRKL,EXCHANGE
BRKR,EXCHANGE
BRO,EXCHANGE
BRS,EXCHANGE
BRSS,EXCHANGE
BRX,EXCHANGE
BSAC,EXCHANGE
BSBR,EXCHANGE
BSM,EXCHANGE
BSMX,EXCHANGE
BSX,EXCHANGE
BT,EXCHANGE
BTE,EXCHANGE
BTG,EXCHANGE
BUR,EXCHANGE
BUSE,EXCHANGE
BVN,EXCHANGE
BW,EXCHANGE
BWEN,EXCHANGE
BWP,EXCHANGE
BWXT,EXCHANGE
BX,EXCHANGE
BXE,EXCHANGE
BXLT,EXCHANGE
BXMT,EXCHANGE
BXP,EXCHANGE
BXS,EXCHANGE
C,EXCHANGE
CABO,EXCHANGE
CAC,EXCHANGE
CACB,EXCHANGE
CACC,EXCHANGE
CAE,EXCHANGE
CAFD,EXCHANGE
CAH,EXCHANGE
CAI,EXCHANGE
CALL,EXCHANGE
CAM,EXCHANGE
CAMT,EXCHANGE
CARA,EXCHANGE
CASS,EXCHANGE
CAT,EXCHANGE
CATM,EXCHANGE
CATY,EXCHANGE
CB,EXCHANGE
CBAY,EXCHANGE
CBB,EXCHANGE
CBF,EXCHANGE
CBG,EXCHANGE
CBI,EXCHANGE
CBIO,EXCHANGE
CBL,EXCHANGE
CBLI,EXCHANGE
CBM,EXCHANGE
CBOE,EXCHANGE
CBPO,EXCHANGE
CBPX,EXCHANGE
CBR,EXCHANGE
CBSH,EXCHANGE
CBT,EXCHANGE
CBU,EXCHANGE
CC,EXCHANGE
CCC,EXCHANGE
CCF,EXCHANGE
CCG,EXCHANGE
CCI,EXCHANGE
CCIH,EXCHANGE
CCJ,EXCHANGE
CCK,EXCHANGE
CCM,EXCHANGE
CCO,EXCHANGE
CCOI,EXCHANGE
CCP,EXCHANGE
CCXI,EXCHANGE
CDE,EXCHANGE
CDR,EXCHANGE
CDXS,EXCHANGE
CE,EXCHANGE
CECE,EXCHANGE
CEL,EXCHANGE
CELG,EXCHANGE
CELGZ,EXCHANGE
CEMP,EXCHANGE
CENX,EXCHANGE
CEO,EXCHANGE
CERE,EXCHANGE
CERS,EXCHANGE
CETV,EXCHANGE
CF,EXCHANGE
CFFN,EXCHANGE
CFG,EXCHANGE
CFMS,EXCHANGE
CFNL,EXCHANGE
CFR,EXCHANGE
CFX,EXCHANGE
CG,EXCHANGE
CGI,EXCHANGE
CGNX,EXCHANGE
CHA,EXCHANGE
CHCO,EXCHANGE
CHCT,EXCHANGE
CHE,EXCHANGE
CHFC,EXCHANGE
CHFN,EXCHANGE
CHK,EXCHANGE
CHL,EXCHANGE
CHMT,EXCHANGE
CHRS,EXCHANGE
CHRW,EXCHANGE
CHSP,EXCHANGE
CHT,EXCHANGE
CHTR,EXCHANGE
CHU,EXCHANGE
CI,EXCHANGE
CIB,EXCHANGE
CIE,EXCHANGE
CIG,EXCHANGE
CIGI,EXCHANGE
CIM,EXCHANGE
CINF,EXCHANGE
CIR,EXCHANGE
CIT,EXCHANGE
CIVB,EXCHANGE
CIVI,EXCHANGE
CKH,EXCHANGE
CKP,EXCHANGE
CLB,EXCHANGE
CLC,EXCHANGE
CLD,EXCHANGE
CLDT,EXCHANGE
CLDX,EXCHANGE
CLF,EXCHANGE
CLGX,EXCHANGE
CLH,EXCHANGE
CLI,EXCHANGE
CLLS,EXCHANGE
CLMS,EXCHANGE
CLMT,EXCHANGE
CLNE,EXCHANGE
CLNT,EXCHANGE
CLNY,EXCHANGE
CLR,EXCHANGE
CLSN,EXCHANGE
CLVS,EXCHANGE
CM,EXCHANGE
CMA,EXCHANGE
CMC,EXCHANGE
CMCO,EXCHANGE
CMCSA,EXCHANGE
CME,EXCHANGE
CMI,EXCHANGE
CMLS,EXCHANGE
CMO,EXCHANGE
CMP,EXCHANGE
CMRE,EXCHANGE
CMRX,EXCHANGE
CMS,EXCHANGE
CNA,EXCHANGE
CNBKA,EXCHANGE
CNC,EXCHANGE
CNCE,EXCHANGE
CNHI,EXCHANGE
CNI,EXCHANGE
CNL,EXCHANGE
CNMD,EXCHANGE
CNO,EXCHANGE
CNOB,EXCHANGE
CNP,EXCHANGE
CNQ,EXCHANGE
CNS,EXCHANGE
CNSL,EXCHANGE
CNX,EXCHANGE
CNXC,EXCHANGE
CO,EXCHANGE
CODI,EXCHANGE
COF,EXCHANGE
COG,EXCHANGE
COL,EXCHANGE
COLB,EXCHANGE
CONE,EXCHANGE
COO,EXCHANGE
COP,EXCHANGE
COR,EXCHANGE
CORR,EXCHANGE
CORT,EXCHANGE
COVS,EXCHANGE
COWN,EXCHANGE
CP,EXCHANGE
CPAC,EXCHANGE
CPE,EXCHANGE
CPF,EXCHANGE
CPG,EXCHANGE
CPGX,EXCHANGE
CPHD,EXCHANGE
CPIX,EXCHANGE
CPK,EXCHANGE
CPL,EXCHANGE
CPLP,EXCHANGE
CPN,EXCHANGE
CPPL,EXCHANGE
CPRX,EXCHANGE
CPST,EXCHANGE
CPT,EXCHANGE
CQH,EXCHANGE
CQP,EXCHANGE
CR,EXCHANGE
CRC,EXCHANGE
CRESY,EXCHANGE
CRH,EXCHANGE
CRIS,EXCHANGE
CRK,EXCHANGE
CRL,EXCHANGE
CRME,EXCHANGE
CRR,EXCHANGE
CRS,EXCHANGE
CRTO,EXCHANGE
CRWN,EXCHANGE
CRY,EXCHANGE
CRZO,EXCHANGE
CS,EXCHANGE
CSBK,EXCHANGE
CSFL,EXCHANGE
CSH,EXCHANGE
CSII,EXCHANGE
CSIQ,EXCHANGE
CSL,EXCHANGE
CSTM,EXCHANGE
CSU,EXCHANGE
CSWC,EXCHANGE
CSX,EXCHANGE
CTCM,EXCHANGE
CTIC,EXCHANGE
CTL,EXCHANGE
CTLT,EXCHANGE
CTRE,EXCHANGE
CTRP,EXCHANGE
CTT,EXCHANGE
CTWS,EXCHANGE
CUBE,EXCHANGE
CUBI,EXCHANGE
CUZ,EXCHANGE
CVA,EXCHANGE
CVBF,EXCHANGE
CVC,EXCHANGE
CVE,EXCHANGE
CVEO,EXCHANGE
CVGI,EXCHANGE
CVI,EXCHANGE
CVRR,EXCHANGE
CVRS,EXCHANGE
CVTI,EXCHANGE
CVU,EXCHANGE
CVX,EXCHANGE
CW,EXCHANGE
CWCO,EXCHANGE
CWEI,EXCHANGE
CWST,EXCHANGE
CWT,EXCHANGE
CX,EXCHANGE
CXDC,EXCHANGE
CXO,EXCHANGE
CXP,EXCHANGE
CXRX,EXCHANGE
CXW,EXCHANGE
CYAD,EXCHANGE
CYCC,EXCHANGE
CYD,EXCHANGE
CYH,EXCHANGE
CYNO,EXCHANGE
CYS,EXCHANGE
CYTK,EXCHANGE
CYTR,EXCHANGE
CZZ,EXCHANGE
D,EXCHANGE
DATE,EXCHANGE
DB,EXCHANGE
DBVT,EXCHANGE
DCI,EXCHANGE
DCIX,EXCHANGE
DCM,EXCHANGE
DCO,EXCHANGE
DCOM,EXCHANGE
DCT,EXCHANGE
DD,EXCHANGE
DDC,EXCHANGE
DDR,EXCHANGE
DE,EXCHANGE
DEI,EXCHANGE
DEL,EXCHANGE
DEPO,EXCHANGE
DFBG,EXCHANGE
DFS,EXCHANGE
DFT,EXCHANGE
DGI,EXCHANGE
DGICA,EXCHANGE
DGX,EXCHANGE
DHIL,EXCHANGE
DHR,EXCHANGE
DHT,EXCHANGE
DHX,EXCHANGE
DIS,EXCHANGE
DISCA,EXCHANGE
DISCK,EXCHANGE
DISH,EXCHANGE
DK,EXCHANGE
DLR,EXCHANGE
DM,EXCHANGE
DNAI,EXCHANGE
DNN,EXCHANGE
DNOW,EXCHANGE
DNR,EXCHANGE
DO,EXCHANGE
DOC,EXCHANGE
DOV,EXCHANGE
DOW,EXCHANGE
DPLO,EXCHANGE
DPM,EXCHANGE
DQ,EXCHANGE
DRD,EXCHANGE
DRE,EXCHANGE
DRH,EXCHANGE
DRYS,EXCHANGE
DSX,EXCHANGE
DTE,EXCHANGE
DUK,EXCHANGE
DVA,EXCHANGE
DVAX,EXCHANGE
DVN,EXCHANGE
DWA,EXCHANGE
DWSN,EXCHANGE
DX,EXCHANGE
DXCM,EXCHANGE
DXPE,EXCHANGE
DY,EXCHANGE
DYN,EXCHANGE
EBIO,EXCHANGE
EBR,EXCHANGE
EBR.B,EXCHANGE
EBS,EXCHANGE
EBSB,EXCHANGE
EC,EXCHANGE
ECA,EXCHANGE
ECHO,EXCHANGE
ECOL,EXCHANGE
ECPG,EXCHANGE
ECR,EXCHANGE
ECYT,EXCHANGE
ED,EXCHANGE
EDE,EXCHANGE
EDR,EXCHANGE
EE,EXCHANGE
EEFT,EXCHANGE
EEP,EXCHANGE
EEQ,EXCHANGE
EFC,EXCHANGE
EGBN,EXCHANGE
EGHT,EXCHANGE
EGLE,EXCHANGE
EGN,EXCHANGE
EGO,EXCHANGE
EGP,EXCHANGE
EGRX,EXCHANGE
EGY,EXCHANGE
EHTH,EXCHANGE
EIG,EXCHANGE
EIX,EXCHANGE
EJ,EXCHANGE
ELEC,EXCHANGE
ELECU,EXCHANGE
ELGX,EXCHANGE
ELLI,EXCHANGE
ELNK,EXCHANGE
ELON,EXCHANGE
ELOS,EXCHANGE
ELP,EXCHANGE
ELRC,EXCHANGE
ELS,EXCHANGE
EME,EXCHANGE
EMG,EXCHANGE
EMN,EXCHANGE
EMR,EXCHANGE
ENB,EXCHANGE
ENBL,EXCHANGE
ENDP,EXCHANGE
ENFC,EXCHANGE
ENH,EXCHANGE
ENI,EXCHANGE
ENLC,EXCHANGE
ENLK,EXCHANGE
ENOC,EXCHANGE
ENPH,EXCHANGE
ENS,EXCHANGE
ENSG,EXCHANGE
ENT,EXCHANGE
ENTA,EXCHANGE
ENTL,EXCHANGE
ENVA,EXCHANGE
ENZN,EXCHANGE
ENZY,EXCHANGE
EOG,EXCHANGE
EPD,EXCHANGE
EPE,EXCHANGE
EPM,EXCHANGE
EPR,EXCHANGE
EPZM,EXCHANGE
EQC,EXCHANGE
EQIX,EXCHANGE
EQM,EXCHANGE
EQR,EXCHANGE
EQT,EXCHANGE
EQY,EXCHANGE
ERA,EXCHANGE
ERF,EXCHANGE
ERIE,EXCHANGE
ERJ,EXCHANGE
EROS,EXCHANGE
ES,EXCHANGE
ESE,EXCHANGE
ESEA,EXCHANGE
ESES,EXCHANGE
ESGR,EXCHANGE
ESL,EXCHANGE
ESLT,EXCHANGE
ESNT,EXCHANGE
ESPR,EXCHANGE
ESRT,EXCHANGE
ESRX,EXCHANGE
ESS,EXCHANGE
ESV,EXCHANGE
ETE,EXCHANGE
ETFC,EXCHANGE
ETM,EXCHANGE
ETN,EXCHANGE
ETP,EXCHANGE
ETR,EXCHANGE
EURN,EXCHANGE
EV,EXCHANGE
EVA,EXCHANGE
EVAR,EXCHANGE
EVC,EXCHANGE
EVDY,EXCHANGE
EVEP,EXCHANGE
EVER,EXCHANGE
EVHC,EXCHANGE
EVR,EXCHANGE
EVRI,EXCHANGE
EW,EXCHANGE
EWBC,EXCHANGE
EXAC,EXCHANGE
EXAM,EXCHANGE
EXAS,EXCHANGE
EXC,EXCHANGE
EXEL,EXCHANGE
EXK,EXCHANGE
EXP,EXCHANGE
EXPD,EXCHANGE
EXPE,EXCHANGE
EXPO,EXCHANGE
EXR,EXCHANGE
FAF,EXCHANGE
FANG,EXCHANGE
FARO,EXCHANGE
FB,EXCHANGE
FBC,EXCHANGE
FBIZ,EXCHANGE
FBNK,EXCHANGE
FBP,EXCHANGE
FBR,EXCHANGE
FBRC,EXCHANGE
FCB,EXCHANGE
FCE.A,EXCHANGE
FCF,EXCHANGE
FCH,EXCHANGE
FCNCA,EXCHANGE
FCSC,EXCHANGE
FCTY,EXCHANGE
FCX,EXCHANGE
FDX,EXCHANGE
FE,EXCHANGE
FELE,EXCHANGE
FENG,EXCHANGE
FENX,EXCHANGE
FET,EXCHANGE
FF,EXCHANGE
FFBC,EXCHANGE
FFG,EXCHANGE
FFIC,EXCHANGE
FFIN,EXCHANGE
FFWM,EXCHANGE
FGEN,EXCHANGE
FGL,EXCHANGE
FGP,EXCHANGE
FHN,EXCHANGE
FI,EXCHANGE
FIBK,EXCHANGE
FIG,EXCHANGE
FII,EXCHANGE
FIS,EXCHANGE
FISI,EXCHANGE
FISV,EXCHANGE
FITB,EXCHANGE
FIX,EXCHANGE
FLDM,EXCHANGE
FLML,EXCHANGE
FLOW,EXCHANGE
FLR,EXCHANGE
FLS,EXCHANGE
FLT,EXCHANGE
FLY,EXCHANGE
FMBI,EXCHANGE
FMC,EXCHANGE
FMER,EXCHANGE
FMI,EXCHANGE
FMS,EXCHANGE
FMSA,EXCHANGE
FNB,EXCHANGE
FNBC,EXCHANGE
FNF,EXCHANGE
FNFG,EXCHANGE
FNFV,EXCHANGE
FNGN,EXCHANGE
FNHC,EXCHANGE
FNV,EXCHANGE
FNWB,EXCHANGE
FOE,EXCHANGE
FOLD,EXCHANGE
FOMX,EXCHANGE
FOR,EXCHANGE
FOX,EXCHANGE
FOXA,EXCHANGE
FPO,EXCHANGE
FPRX,EXCHANGE
FR,EXCHANGE
FRC,EXCHANGE
FRM,EXCHANGE
FRME,EXCHANGE
FRO,EXCHANGE
FRP,EXCHANGE
FRT,EXCHANGE
FSAM,EXCHANGE
FSB,EXCHANGE
FSC,EXCHANGE
FSFG,EXCHANGE
FSIC,EXCHANGE
FSLR,EXCHANGE
FSP,EXCHANGE
FSS,EXCHANGE
FSTR,EXCHANGE
FSV,EXCHANGE
FTEK,EXCHANGE
FTI,EXCHANGE
FTK,EXCHANGE
FTR,EXCHANGE
FUEL,EXCHANGE
FUL,EXCHANGE
FULT,EXCHANGE
FUNC,EXCHANGE
FUR,EXCHANGE
FVE,EXCHANGE
FWP,EXCHANGE
FWRD,EXCHANGE
FXCB,EXCHANGE
FXCM,EXCHANGE
GAIN,EXCHANGE
GALT,EXCHANGE
GAS,EXCHANGE
GASS,EXCHANGE
GBCI,EXCHANGE
GBDC,EXCHANGE
GBL,EXCHANGE
GBLI,EXCHANGE
GBT,EXCHANGE
GBX,EXCHANGE
GCAP,EXCHANGE
GCI,EXCHANGE
GCVRZ,EXCHANGE
GD,EXCHANGE
GDDY,EXCHANGE
GDOT,EXCHANGE
GE,EXCHANGE
GEF,EXCHANGE
GEL,EXCHANGE
GEN,EXCHANGE
GEO,EXCHANGE
GEOS,EXCHANGE
GERN,EXCHANGE
GEVO,EXCHANGE
GFA,EXCHANGE
GFI,EXCHANGE
GG,EXCHANGE
GGAL,EXCHANGE
GGB,EXCHANGE
GGG,EXCHANGE
GGP,EXCHANGE
GHDX,EXCHANGE
GHL,EXCHANGE
GHM,EXCHANGE
GI,EXCHANGE
GIB,EXCHANGE
GIFI,EXCHANGE
GILD,EXCHANGE
GKOS,EXCHANGE
GLBL,EXCHANGE
GLDD,EXCHANGE
GLF,EXCHANGE
GLNG,EXCHANGE
GLOG,EXCHANGE
GLOP,EXCHANGE
GLPG,EXCHANGE
GLPI,EXCHANGE
GLRE,EXCHANGE
GLT,EXCHANGE
GMED,EXCHANGE
GMLP,EXCHANGE
GMO,EXCHANGE
GNCMA,EXCHANGE
GNE,EXCHANGE
GNK,EXCHANGE
GNRC,EXCHANGE
GNRT,EXCHANGE
GNW,EXCHANGE
GOGL,EXCHANGE
GOGO,EXCHANGE
GOLD,EXCHANGE
GOOD,EXCHANGE
GOOG,EXCHANGE
GOOGL,EXCHANGE
GORO,EXCHANGE
GPIA,EXCHANGE
GPK,EXCHANGE
GPL,EXCHANGE
GPN,EXCHANGE
GPOR,EXCHANGE
GPRE,EXCHANGE
GPRK,EXCHANGE
GPT,EXCHANGE
GRA,EXCHANGE
GRAM,EXCHANGE
GRC,EXCHANGE
GRFS,EXCHANGE
GRIF,EXCHANGE
GROW,EXCHANGE
GRPN,EXCHANGE
GRUB,EXCHANGE
GS,EXCHANGE
GSAT,EXCHANGE
GSK,EXCHANGE
GSM,EXCHANGE
GSOL,EXCHANGE
GSS,EXCHANGE
GST,EXCHANGE
GTE,EXCHANGE
GTLS,EXCHANGE
GTN,EXCHANGE
GTS,EXCHANGE
GTT,EXCHANGE
GTXI,EXCHANGE
GTY,EXCHANGE
GURE,EXCHANGE
GVA,EXCHANGE
GWB,EXCHANGE
GWPH,EXCHANGE
GWR,EXCHANGE
GWW,EXCHANGE
GXP,EXCHANGE
GYRO,EXCHANGE
HAE,EXCHANGE
HAFC,EXCHANGE
HAL,EXCHANGE
HALL,EXCHANGE
HALO,EXCHANGE
HASI,EXCHANGE
HAWK,EXCHANGE
HAYN,EXCHANGE
HBAN,EXCHANGE
HBCP,EXCHANGE
HBHC,EXCHANGE
HBIO,EXCHANGE
HBM,EXCHANGE
HBNC,EXCHANGE
HCA,EXCHANGE
HCCI,EXCHANGE
HCHC,EXCHANGE
HCI,EXCHANGE
HCN,EXCHANGE
HCOM,EXCHANGE
HCP,EXCHANGE
HDB,EXCHANGE
HDNG,EXCHANGE
HDS,EXCHANGE
HDSN,EXCHANGE
HE,EXCHANGE
HEES,EXCHANGE
HEI,EXCHANGE
HEI.A,EXCHANGE
HEOP,EXCHANGE
HEP,EXCHANGE
HES,EXCHANGE
HF,EXCHANGE
HFC,EXCHANGE
HFWA,EXCHANGE
HGT,EXCHANGE
HHC,EXCHANGE
HHS,EXCHANGE
HI,EXCHANGE
HIFR,EXCHANGE
HIG,EXCHANGE
HII,EXCHANGE
HIW,EXCHANGE
HK,EXCHANGE
HL,EXCHANGE
HLI,EXCHANGE
HLS,EXCHANGE
HLTH,EXCHANGE
HLX,EXCHANGE
HMHC,EXCHANGE
HMN,EXCHANGE
HMST,EXCHANGE
HMTV,EXCHANGE
HMY,EXCHANGE
HNH,EXCHANGE
HNNA,EXCHANGE
HNP,EXCHANGE
HNR,EXCHANGE
HNRG,EXCHANGE
HNT,EXCHANGE
HOLI,EXCHANGE
HOLX,EXCHANGE
HOMB,EXCHANGE
HON,EXCHANGE
HOS,EXCHANGE
HP,EXCHANGE
HPP,EXCHANGE
HPT,EXCHANGE
HPY,EXCHANGE
HQCL,EXCHANGE
HQY,EXCHANGE
HR,EXCHANGE
HRC,EXCHANGE
HRS,EXCHANGE
HRTG,EXCHANGE
HRTX,EXCHANGE
HSBC,EXCHANGE
HSC,EXCHANGE
HSIC,EXCHANGE
HST,EXCHANGE
HSTM,EXCHANGE
HT,EXCHANGE
HTA,EXCHANGE
HTBI,EXCHANGE
HTBK,EXCHANGE
HTBX,EXCHANGE
HTGC,EXCHANGE
HTH,EXCHANGE
HTLD,EXCHANGE
HTS,EXCHANGE
HTWR,EXCHANGE
HUBG,EXCHANGE
HUM,EXCHANGE
HUN,EXCHANGE
HW,EXCHANGE
HWAY,EXCHANGE
HWCC,EXCHANGE
HWKN,EXCHANGE
HXL,EXCHANGE
HY,EXCHANGE
HYGS,EXCHANGE
HYH,EXCHANGE
HZNP,EXCHANGE
I,EXCHANGE
IAC,EXCHANGE
IAG,EXCHANGE
IART,EXCHANGE
IBCP,EXCHANGE
IBKC,EXCHANGE
IBKR,EXCHANGE
IBN,EXCHANGE
IBOC,EXCHANGE
IBP,EXCHANGE
IBTX,EXCHANGE
ICD,EXCHANGE
ICE,EXCHANGE
ICL,EXCHANGE
ICLR,EXCHANGE
ICPT,EXCHANGE
ICUI,EXCHANGE
IDA,EXCHANGE
IDT,EXCHANGE
IDXX,EXCHANGE
IEP,EXCHANGE
IESC,EXCHANGE
IEX,EXCHANGE
IFF,EXCHANGE
IFMI,EXCHANGE
IGLD,EXCHANGE
IIIN,EXCHANGE
ILMN,EXCHANGE
IMDZ,EXCHANGE
IMGN,EXCHANGE
IMH,EXCHANGE
IMMU,EXCHANGE
IMO,EXCHANGE
INAP,EXCHANGE
INBK,EXCHANGE
INCR,EXCHANGE
INCY,EXCHANGE
INDB,EXCHANGE
INFI,EXCHANGE
INFU,EXCHANGE
ING,EXCHANGE
INGN,EXCHANGE
INN,EXCHANGE
INO,EXCHANGE
INSM,EXCHANGE
INSY,EXCHANGE
INT,EXCHANGE
INTG,EXCHANGE
INTL,EXCHANGE
IO,EXCHANGE
IOC,EXCHANGE
IOSP,EXCHANGE
IP,EXCHANGE
IPCC,EXCHANGE
IPG,EXCHANGE
IPHS,EXCHANGE
IPI,EXCHANGE
IPXL,EXCHANGE
IQNT,EXCHANGE
IR,EXCHANGE
IRC,EXCHANGE
IRDM,EXCHANGE
IRET,EXCHANGE
IRM,EXCHANGE
IROQ,EXCHANGE
IRS,EXCHANGE
IRWD,EXCHANGE
ISBC,EXCHANGE
ISR,EXCHANGE
ISRG,EXCHANGE
ISSC,EXCHANGE
ISTR,EXCHANGE
ITC,EXCHANGE
ITCI,EXCHANGE
ITEK,EXCHANGE
ITG,EXCHANGE
ITRI,EXCHANGE
ITRN,EXCHANGE
ITT,EXCHANGE
ITUB,EXCHANGE
ITW,EXCHANGE
IVAC,EXCHANGE
IVC,EXCHANGE
IVR,EXCHANGE
IVZ,EXCHANGE
JASO,EXCHANGE
JAZZ,EXCHANGE
JBHT,EXCHANGE
JBT,EXCHANGE
JCOM,EXCHANGE
JE,EXCHANGE
JEC,EXCHANGE
JKS,EXCHANGE
JLL,EXCHANGE
JMG,EXCHANGE
JNJ,EXCHANGE
JNS,EXCHANGE
JOBS,EXCHANGE
JONE,EXCHANGE
JOY,EXCHANGE
JPM,EXCHANGE
JRVR,EXCHANGE
JUNO,EXCHANGE
KAI,EXCHANGE
KALU,EXCHANGE
KAMN,EXCHANGE
KANG,EXCHANGE
KB,EXCHANGE
KBR,EXCHANGE
KCG,EXCHANGE
KE,EXCHANGE
KEP,EXCHANGE
KERX,EXCHANGE
KEX,EXCHANGE
KEY,EXCHANGE
KEYS,EXCHANGE
KGC,EXCHANGE
KIM,EXCHANGE
KIN,EXCHANGE
KITE,EXCHANGE
KKR,EXCHANGE
KLXI,EXCHANGE
KMDA,EXCHANGE
KMG,EXCHANGE
KMI,EXCHANGE
KMPH,EXCHANGE
KMPR,EXCHANGE
KMT,EXCHANGE
KND,EXCHANGE
KNX,EXCHANGE
KOP,EXCHANGE
KOS,EXCHANGE
KPTI,EXCHANGE
KRA,EXCHANGE
KRC,EXCHANGE
KRG,EXCHANGE
KRNY,EXCHANGE
KRO,EXCHANGE
KS,EXCHANGE
KSU,EXCHANGE
KT,EXCHANGE
KTOS,EXCHANGE
KTWO,EXCHANGE
KW,EXCHANGE
KWR,EXCHANGE
LADR,EXCHANGE
LAMR,EXCHANGE
LAND,EXCHANGE
LARK,EXCHANGE
LAWS,EXCHANGE
LAYN,EXCHANGE
LAZ,EXCHANGE
LBIO,EXCHANGE
LBRDA,EXCHANGE
LBRDK,EXCHANGE
LBTYA,EXCHANGE
LBTYK,EXCHANGE
LC,EXCHANGE
LCI,EXCHANGE
LDL,EXCHANGE
LDR,EXCHANGE
LDRH,EXCHANGE
LECO,EXCHANGE
LFC,EXCHANGE
LFUS,EXCHANGE
LFVN,EXCHANGE
LGCY,EXCHANGE
LGL,EXCHANGE
LGND,EXCHANGE
LH,EXCHANGE
LHCG,EXCHANGE
LHO,EXCHANGE
LIFE,EXCHANGE
LII,EXCHANGE
LILA,EXCHANGE
LILAK,EXCHANGE
LION,EXCHANGE
LIVN,EXCHANGE
LKFN,EXCHANGE
LLL,EXCHANGE
LLY,EXCHANGE
LM,EXCHANGE
LMCA,EXCHANGE
LMCK,EXCHANGE
LMIA,EXCHANGE
LMNX,EXCHANGE
LMOS,EXCHANGE
LMT,EXCHANGE
LNC,EXCHANGE
LNDC,EXCHANGE
LNG,EXCHANGE
LNKD,EXCHANGE
LNN,EXCHANGE
LNT,EXCHANGE
LOB,EXCHANGE
LODE,EXCHANGE
LOXO,EXCHANGE
LPG,EXCHANGE
LPI,EXCHANGE
LPLA,EXCHANGE
LPNT,EXCHANGE
LPT,EXCHANGE
LPX,EXCHANGE
LSG,EXCHANGE
LSTR,EXCHANGE
LTC,EXCHANGE
LTRPA,EXCHANGE
LTS,EXCHANGE
LTXB,EXCHANGE
LUK,EXCHANGE
LVLT,EXCHANGE
LVNTA,EXCHANGE
LXFR,EXCHANGE
LXP,EXCHANGE
LXRX,EXCHANGE
LXU,EXCHANGE
LYB,EXCHANGE
LYG,EXCHANGE
MA,EXCHANGE
MAA,EXCHANGE
MAC,EXCHANGE
MACK,EXCHANGE
MAIN,EXCHANGE
MARA,EXCHANGE
MARK,EXCHANGE
MASI,EXCHANGE
MATX,EXCHANGE
MBFI,EXCHANGE
MBI,EXCHANGE
MBII,EXCHANGE
MBRG,EXCHANGE
MBT,EXCHANGE
MBVT,EXCHANGE
MBWM,EXCHANGE
MC,EXCHANGE
MCC,EXCHANGE
MCEP,EXCHANGE
MCF,EXCHANGE
MCK,EXCHANGE
MCRB,EXCHANGE
MCRN,EXCHANGE
MCY,EXCHANGE
MD,EXCHANGE
MDCA,EXCHANGE
MDCO,EXCHANGE
MDLY,EXCHANGE
MDP,EXCHANGE
MDR,EXCHANGE
MDT,EXCHANGE
MDU,EXCHANGE
MDVN,EXCHANGE
MDXG,EXCHANGE
MEG,EXCHANGE
MEIP,EXCHANGE
MEMP,EXCHANGE
MEOH,EXCHANGE
MERC,EXCHANGE
MET,EXCHANGE
MFA,EXCHANGE
MFC,EXCHANGE
MFG,EXCHANGE
MG,EXCHANGE
MGEE,EXCHANGE
MGI,EXCHANGE
MGLN,EXCHANGE
MGNX,EXCHANGE
MGRC,EXCHANGE
MHLD,EXCHANGE
MIC,EXCHANGE
MIDD,EXCHANGE
MIND,EXCHANGE
MINI,EXCHANGE
MITT,EXCHANGE
MKL,EXCHANGE
MLAB,EXCHANGE
MLI,EXCHANGE
MLM,EXCHANGE
MMC,EXCHANGE
MMI,EXCHANGE
MMLP,EXCHANGE
MMM,EXCHANGE
MMP,EXCHANGE
MMSI,EXCHANGE
MMYT,EXCHANGE
MN,EXCHANGE
MNI,EXCHANGE
MNK,EXCHANGE
MNKD,EXCHANGE
MNR,EXCHANGE
MNTA,EXCHANGE
MNTX,EXCHANGE
MOCO,EXCHANGE
MOH,EXCHANGE
MON,EXCHANGE
MORE,EXCHANGE
MOS,EXCHANGE
MPC,EXCHANGE
MPLX,EXCHANGE
MPW,EXCHANGE
MR,EXCHANGE
MRC,EXCHANGE
MRD,EXCHANGE
MRIN,EXCHANGE
MRK,EXCHANGE
MRNS,EXCHANGE
MRO,EXCHANGE
MRTN,EXCHANGE
MRTX,EXCHANGE
MS,EXCHANGE
MSA,EXCHANGE
MSB,EXCHANGE
MSBF,EXCHANGE
MSEX,EXCHANGE
MSFG,EXCHANGE
MSGN,EXCHANGE
MSL,EXCHANGE
MSM,EXCHANGE
MT,EXCHANGE
MTB,EXCHANGE
MTD,EXCHANGE
MTDR,EXCHANGE
MTG,EXCHANGE
MTGE,EXCHANGE
MTL,EXCHANGE
MTOR,EXCHANGE
MTRN,EXCHANGE
MTRX,EXCHANGE
MTSC,EXCHANGE
MTU,EXCHANGE
MTW,EXCHANGE
MTX,EXCHANGE
MTZ,EXCHANGE
MUR,EXCHANGE
MUSA,EXCHANGE
MUX,EXCHANGE
MVC,EXCHANGE
MWA,EXCHANGE
MWW,EXCHANGE
MY,EXCHANGE
MYE,EXCHANGE
MYGN,EXCHANGE
MYL,EXCHANGE
MYRG,EXCHANGE
MZOR,EXCHANGE
NADL,EXCHANGE
NAK,EXCHANGE
NAO,EXCHANGE
NAT,EXCHANGE
NATI,EXCHANGE
NATL,EXCHANGE
NATR,EXCHANGE
NAV,EXCHANGE
NAVG,EXCHANGE
NAVI,EXCHANGE
NBHC,EXCHANGE
NBIX,EXCHANGE
NBL,EXCHANGE
NBN,EXCHANGE
NBR,EXCHANGE
NBTB,EXCHANGE
NCMI,EXCHANGE
NCS,EXCHANGE
NCT,EXCHANGE
NDAQ,EXCHANGE
NDSN,EXCHANGE
NE,EXCHANGE
NEE,EXCHANGE
NEFF,EXCHANGE
NEM,EXCHANGE
NEOG,EXCHANGE
NEP,EXCHANGE
NEU,EXCHANGE
NEWM,EXCHANGE
NEWT,EXCHANGE
NFBK,EXCHANGE
NFG,EXCHANGE
NFX,EXCHANGE
NG,EXCHANGE
NGD,EXCHANGE
NGG,EXCHANGE
NGHC,EXCHANGE
NGL,EXCHANGE
NHC,EXCHANGE
NHI,EXCHANGE
NHTC,EXCHANGE
NI,EXCHANGE
NICK,EXCHANGE
NJR,EXCHANGE
NK,EXCHANGE
NKSH,EXCHANGE
NKTR,EXCHANGE
NLNK,EXCHANGE
NLSN,EXCHANGE
NLY,EXCHANGE
NM,EXCHANGE
NMFC,EXCHANGE
NMIH,EXCHANGE
NMM,EXCHANGE
NMR,EXCHANGE
NNA,EXCHANGE
NNBR,EXCHANGE
NNI,EXCHANGE
NNN,EXCHANGE
NOAH,EXCHANGE
NOC,EXCHANGE
NOG,EXCHANGE
NOV,EXCHANGE
NP,EXCHANGE
NPBC,EXCHANGE
NPK,EXCHANGE
NPO,EXCHANGE
NR,EXCHANGE
NRF,EXCHANGE
NRG,EXCHANGE
NRIM,EXCHANGE
NRP,EXCHANGE
NRZ,EXCHANGE
NS,EXCHANGE
NSA,EXCHANGE
NSAM,EXCHANGE
NSC,EXCHANGE
NSH,EXCHANGE
NSM,EXCHANGE
NSTG,EXCHANGE
NSU,EXCHANGE
NTI,EXCHANGE
NTK,EXCHANGE
NTL,EXCHANGE
NTLS,EXCHANGE
NTRS,EXCHANGE
NTT,EXCHANGE
NUE,EXCHANGE
NURO,EXCHANGE
NUTR,EXCHANGE
NUVA,EXCHANGE
NVAX,EXCHANGE
NVCN,EXCHANGE
NVDQ,EXCHANGE
NVGN,EXCHANGE
NVGS,EXCHANGE
NVLS,EXCHANGE
NVO,EXCHANGE
NVRO,EXCHANGE
NVS,EXCHANGE
NWBI,EXCHANGE
NWBO,EXCHANGE
NWE,EXCHANGE
NWLI,EXCHANGE
NWN,EXCHANGE
NWPX,EXCHANGE
NWS,EXCHANGE
NWSA,EXCHANGE
NXST,EXCHANGE
NXTM,EXCHANGE
NYCB,EXCHANGE
NYLD,EXCHANGE
NYLD.A,EXCHANGE
NYRT,EXCHANGE
NYT,EXCHANGE
O,EXCHANGE
OA,EXCHANGE
OAK,EXCHANGE
OAS,EXCHANGE
OB,EXCHANGE
OC,EXCHANGE
OCFC,EXCHANGE
OCIP,EXCHANGE
OCN,EXCHANGE
OCUL,EXCHANGE
ODFL,EXCHANGE
OEC,EXCHANGE
OESX,EXCHANGE
OFC,EXCHANGE
OFG,EXCHANGE
OFIX,EXCHANGE
OGE,EXCHANGE
OGS,EXCHANGE
OGXI,EXCHANGE
OHI,EXCHANGE
OI,EXCHANGE
OIBR.C,EXCHANGE
OII,EXCHANGE
OIS,EXCHANGE
OKE,EXCHANGE
OKS,EXCHANGE
OKSB,EXCHANGE
OLN,EXCHANGE
OMAM,EXCHANGE
OMC,EXCHANGE
OME,EXCHANGE
OMER,EXCHANGE
OMEX,EXCHANGE
OMI,EXCHANGE
OMN,EXCHANGE
ONB,EXCHANGE
ONCE,EXCHANGE
ONDK,EXCHANGE
ONE,EXCHANGE
ONVO,EXCHANGE
OOMA,EXCHANGE
OPB,EXCHANGE
OPHT,EXCHANGE
OPK,EXCHANGE
OPY,EXCHANGE
ORA,EXCHANGE
ORAN,EXCHANGE
ORBC,EXCHANGE
ORBK,EXCHANGE
OREX,EXCHANGE
ORI,EXCHANGE
ORIG,EXCHANGE
ORIT,EXCHANGE
ORN,EXCHANGE
ORRF,EXCHANGE
OSBC,EXCHANGE
OSHC,EXCHANGE
OSIR,EXCHANGE
OSIS,EXCHANGE
OSK,EXCHANGE
OSN,EXCHANGE
OSUR,EXCHANGE
OTEX,EXCHANGE
OTIC,EXCHANGE
OTTR,EXCHANGE
OUT,EXCHANGE
OVAS,EXCHANGE
OXY,EXCHANGE
OZM,EXCHANGE
OZRK,EXCHANGE
P,EXCHANGE
PAA,EXCHANGE
PAAS,EXCHANGE
PAC,EXCHANGE
PACB,EXCHANGE
PACD,EXCHANGE
PACW,EXCHANGE
PAGP,EXCHANGE
PAH,EXCHANGE
PAHC,EXCHANGE
PAM,EXCHANGE
PANL,EXCHANGE
PARR,EXCHANGE
PATK,EXCHANGE
PB,EXCHANGE
PBA,EXCHANGE
PBCT,EXCHANGE
PBF,EXCHANGE
PBFX,EXCHANGE
PBH,EXCHANGE
PBR,EXCHANGE
PBR.A,EXCHANGE
PBT,EXCHANGE
PBYI,EXCHANGE
PCAR,EXCHANGE
PCBK,EXCHANGE
PCG,EXCHANGE
PCH,EXCHANGE
PCLN,EXCHANGE
PCO,EXCHANGE
PCRX,EXCHANGE
PCYO,EXCHANGE
PDCE,EXCHANGE
PDCO,EXCHANGE
PDLI,EXCHANGE
PDM,EXCHANGE
PDS,EXCHANGE
PE,EXCHANGE
PEB,EXCHANGE
PEG,EXCHANGE
PEGI,EXCHANGE
PEI,EXCHANGE
PEIX,EXCHANGE
PEN,EXCHANGE
PER,EXCHANGE
PES,EXCHANGE
PETX,EXCHANGE
PFE,EXCHANGE
PFG,EXCHANGE
PFIE,EXCHANGE
PFLT,EXCHANGE
PFMT,EXCHANGE
PFNX,EXCHANGE
PFS,EXCHANGE
PFSI,EXCHANGE
PGC,EXCHANGE
PGEM,EXCHANGE
PGH,EXCHANGE
PGNX,EXCHANGE
PGR,EXCHANGE
PGRE,EXCHANGE
PH,EXCHANGE
PHG,EXCHANGE
PHH,EXCHANGE
PHI,EXCHANGE
PJC,EXCHANGE
PKBK,EXCHANGE
PKD,EXCHANGE
PKG,EXCHANGE
PKI,EXCHANGE
PKX,EXCHANGE
PKY,EXCHANGE
PLD,EXCHANGE
PLG,EXCHANGE
PLOW,EXCHANGE
PLPC,EXCHANGE
PLUG,EXCHANGE
PLX,EXCHANGE
PMC,EXCHANGE
PMT,EXCHANGE
PNC,EXCHANGE
PNFP,EXCHANGE
PNM,EXCHANGE
PNNT,EXCHANGE
PNR,EXCHANGE
PNW,EXCHANGE
PNX,EXCHANGE
PNY,EXCHANGE
PODD,EXCHANGE
POL,EXCHANGE
POM,EXCHANGE
POR,EXCHANGE
POT,EXCHANGE
POWL,EXCHANGE
POWR,EXCHANGE
PPBI,EXCHANGE
PPG,EXCHANGE
PPL,EXCHANGE
PPP,EXCHANGE
PPS,EXCHANGE
PRA,EXCHANGE
PRAA,EXCHANGE
PRAH,EXCHANGE
PRE,EXCHANGE
PRGO,EXCHANGE
PRI,EXCHANGE
PRIM,EXCHANGE
PRK,EXCHANGE
PRLB,EXCHANGE
PRQR,EXCHANGE
PRSC,EXCHANGE
PRTA,EXCHANGE
PRTK,EXCHANGE
PRU,EXCHANGE
PRXL,EXCHANGE
PSA,EXCHANGE
PSB,EXCHANGE
PSEC,EXCHANGE
PSIX,EXCHANGE
PSO,EXCHANGE
PSTB,EXCHANGE
PSX,EXCHANGE
PSXP,EXCHANGE
PTCT,EXCHANGE
PTEN,EXCHANGE
PTIE,EXCHANGE
PTLA,EXCHANGE
PTNR,EXCHANGE
PTR,EXCHANGE
PTX,EXCHANGE
PUK,EXCHANGE
PULB,EXCHANGE
PVG,EXCHANGE
PVTB,EXCHANGE
PWE,EXCHANGE
PWR,EXCHANGE
PX,EXCHANGE
PXD,EXCHANGE
PYPL,EXCHANGE
PZE,EXCHANGE
PZN,EXCHANGE
Q,EXCHANGE
QDEL,EXCHANGE
QEP,EXCHANGE
QGEN,EXCHANGE
QIHU,EXCHANGE
QIWI,EXCHANGE
QNST,EXCHANGE
QPAC,EXCHANGE
QTS,EXCHANGE
QUNR,EXCHANGE
QUOT,EXCHANGE
QURE,EXCHANGE
RAIL,EXCHANGE
RARE,EXCHANGE
RAS,EXCHANGE
RATE,EXCHANGE
RAVN,EXCHANGE
RBA,EXCHANGE
RBC,EXCHANGE
RBCAA,EXCHANGE
RBS,EXCHANGE
RCI,EXCHANGE
RDC,EXCHANGE
RDN,EXCHANGE
RDNT,EXCHANGE
RDUS,EXCHANGE
RDY,EXCHANGE
RE,EXCHANGE
REG,EXCHANGE
REGI,EXCHANGE
REGN,EXCHANGE
REI,EXCHANGE
RELY,EXCHANGE
REN,EXCHANGE
RENN,EXCHANGE
RES,EXCHANGE
RESI,EXCHANGE
REX,EXCHANGE
REXI,EXCHANGE
REXR,EXCHANGE
REXX,EXCHANGE
RF,EXCHANGE
RFP,EXCHANGE
RGA,EXCHANGE
RGEN,EXCHANGE
RGLD,EXCHANGE
RGNX,EXCHANGE
RGR,EXCHANGE
RHP,EXCHANGE
RICE,EXCHANGE
RIG,EXCHANGE
RIGL,EXCHANGE
RIGP,EXCHANGE
RILY,EXCHANGE
RIO,EXCHANGE
RJF,EXCHANGE
RLD,EXCHANGE
RLGY,EXCHANGE
RLI,EXCHANGE
RLJ,EXCHANGE
RLOC,EXCHANGE
RLYP,EXCHANGE
RM,EXCHANGE
RMAX,EXCHANGE
RMD,EXCHANGE
RMTI,EXCHANGE
RNET,EXCHANGE
RNF,EXCHANGE
RNG,EXCHANGE
RNR,EXCHANGE
RNST,EXCHANGE
ROCK,EXCHANGE
ROG,EXCHANGE
ROIAK,EXCHANGE
ROIC,EXCHANGE
ROIQ,EXCHANGE
ROK,EXCHANGE
ROLL,EXCHANGE
ROP,EXCHANGE
RPAI,EXCHANGE
RPM,EXCHANGE
RPRX,EXCHANGE
RPT,EXCHANGE
RPTP,EXCHANGE
RRC,EXCHANGE
RRTS,EXCHANGE
RS,EXCHANGE
RSE,EXCHANGE
RSG,EXCHANGE
RSO,EXCHANGE
RSPP,EXCHANGE
RSTI,EXCHANGE
RTIX,EXCHANGE
RTK,EXCHANGE
RTN,EXCHANGE
RTRX,EXCHANGE
RUBI,EXCHANGE
RUN,EXCHANGE
RVNC,EXCHANGE
RWT,EXCHANGE
RXDX,EXCHANGE
RXN,EXCHANGE
RY,EXCHANGE
RYAM,EXCHANGE
RYI,EXCHANGE
RYN,EXCHANGE
S,EXCHANGE
SA,EXCHANGE
SAEX,EXCHANGE
SAFT,EXCHANGE
SAGE,EXCHANGE
SAIA,EXCHANGE
SALE,EXCHANGE
SALT,EXCHANGE
SAMG,EXCHANGE
SAN,EXCHANGE
SAND,EXCHANGE
SASR,EXCHANGE
SATS,EXCHANGE
SB,EXCHANGE
SBAC,EXCHANGE
SBCF,EXCHANGE
SBGI,EXCHANGE
SBGL,EXCHANGE
SBLK,EXCHANGE
SBNY,EXCHANGE
SBRA,EXCHANGE
SBS,EXCHANGE
SBSA,EXCHANGE
SBSI,EXCHANGE
SBY,EXCHANGE
SC,EXCHANGE
SCAI,EXCHANGE
SCCO,EXCHANGE
SCG,EXCHANGE
SCHL,EXCHANGE
SCL,EXCHANGE
SCLN,EXCHANGE
SCMP,EXCHANGE
SCTY,EXCHANGE
SDLP,EXCHANGE
SDRL,EXCHANGE
SDT,EXCHANGE
SE,EXCHANGE
SEDG,EXCHANGE
SEE,EXCHANGE
SEED,EXCHANGE
SEIC,EXCHANGE
SEM,EXCHANGE
SEMG,EXCHANGE
SEP,EXCHANGE
SF,EXCHANGE
SFBS,EXCHANGE
SFE,EXCHANGE
SFG,EXCHANGE
SFL,EXCHANGE
SFLY,EXCHANGE
SFUN,EXCHANGE
SGA,EXCHANGE
SGEN,EXCHANGE
SGMO,EXCHANGE
SGNT,EXCHANGE
SGU,EXCHANGE
SGY,EXCHANGE
SGYP,EXCHANGE
SHBI,EXCHANGE
SHEN,EXCHANGE
SHG,EXCHANGE
SHLM,EXCHANGE
SHLO,EXCHANGE
SHLX,EXCHANGE
SHO,EXCHANGE
SHOP,EXCHANGE
SHPG,EXCHANGE
SHW,EXCHANGE
SID,EXCHANGE
SIEN,EXCHANGE
SIFI,EXCHANGE
SIGI,EXCHANGE
SIM,EXCHANGE
SINA,EXCHANGE
SIRI,EXCHANGE
SIRO,EXCHANGE
SIVB,EXCHANGE
SJI,EXCHANGE
SJR,EXCHANGE
SJT,EXCHANGE
SJW,EXCHANGE
SKM,EXCHANGE
SKT,EXCHANGE
SLB,EXCHANGE
SLCA,EXCHANGE
SLF,EXCHANGE
SLG,EXCHANGE
SLGN,EXCHANGE
SLI,EXCHANGE
SLM,EXCHANGE
SLRC,EXCHANGE
SLW,EXCHANGE
SM,EXCHANGE
SMBC,EXCHANGE
SMFG,EXCHANGE
SMMF,EXCHANGE
SMMT,EXCHANGE
SN,EXCHANGE
SNBC,EXCHANGE
SNC,EXCHANGE
SNFCA,EXCHANGE
SNH,EXCHANGE
SNHY,EXCHANGE
SNI,EXCHANGE
SNN,EXCHANGE
SNP,EXCHANGE
SNR,EXCHANGE
SNSS,EXCHANGE
SNV,EXCHANGE
SNY,EXCHANGE
SO,EXCHANGE
SOHU,EXCHANGE
SOL,EXCHANGE
SON,EXCHANGE
SONA,EXCHANGE
SPAR,EXCHANGE
SPG,EXCHANGE
SPH,EXCHANGE
SPLP,EXCHANGE
SPN,EXCHANGE
SPNC,EXCHANGE
SPOK,EXCHANGE
SPPI,EXCHANGE
SPR,EXCHANGE
SPWR,EXCHANGE
SPXC,EXCHANGE
SQM,EXCHANGE
SQNM,EXCHANGE
SRC,EXCHANGE
SRCL,EXCHANGE
SRDX,EXCHANGE
SRE,EXCHANGE
SRG,EXCHANGE
SRI,EXCHANGE
SRPT,EXCHANGE
SSB,EXCHANGE
SSD,EXCHANGE
SSL,EXCHANGE
SSNI,EXCHANGE
SSP,EXCHANGE
SSRI,EXCHANGE
SSW,EXCHANGE
ST,EXCHANGE
STAA,EXCHANGE
STAG,EXCHANGE
STAR,EXCHANGE
STBA,EXCHANGE
STBZ,EXCHANGE
STC,EXCHANGE
STE,EXCHANGE
STI,EXCHANGE
STJ,EXCHANGE
STL,EXCHANGE
STLD,EXCHANGE
STML,EXCHANGE
STMP,EXCHANGE
STN,EXCHANGE
STNG,EXCHANGE
STO,EXCHANGE
STOR,EXCHANGE
STR,EXCHANGE
STRL,EXCHANGE
STRP,EXCHANGE
STRZA,EXCHANGE
STT,EXCHANGE
STWD,EXCHANGE
SU,EXCHANGE
SUI,EXCHANGE
SUM,EXCHANGE
SUN,EXCHANGE
SUNS,EXCHANGE
SUPN,EXCHANGE
SVA,EXCHANGE
SVT,EXCHANGE
SVVC,EXCHANGE
SWC,EXCHANGE
SWFT,EXCHANGE
SWHC,EXCHANGE
SWM,EXCHANGE
SWN,EXCHANGE
SWX,EXCHANGE
SXC,EXCHANGE
SXCL,EXCHANGE
SXCP,EXCHANGE
SXI,EXCHANGE
SXL,EXCHANGE
SXT,EXCHANGE
SYBT,EXCHANGE
SYF,EXCHANGE
SYK,EXCHANGE
SYMX,EXCHANGE
SYNL,EXCHANGE
SYRG,EXCHANGE
SYT,EXCHANGE
SYUT,EXCHANGE
SZMK,EXCHANGE
TAC,EXCHANGE
TAHO,EXCHANGE
TAL,EXCHANGE
TAOM,EXCHANGE
TARO,EXCHANGE
TASR,EXCHANGE
TAX,EXCHANGE
TBBK,EXCHANGE
TBNK,EXCHANGE
TBPH,EXCHANGE
TCAP,EXCHANGE
TCB,EXCHANGE
TCBI,EXCHANGE
TCO,EXCHANGE
TCP,EXCHANGE
TCPC,EXCHANGE
TD,EXCHANGE
TDG,EXCHANGE
TDS,EXCHANGE
TDW,EXCHANGE
TDY,EXCHANGE
TE,EXCHANGE
TECH,EXCHANGE
TEF,EXCHANGE
TEGP,EXCHANGE
TEL,EXCHANGE
TEO,EXCHANGE
TEP,EXCHANGE
TERP,EXCHANGE
TESO,EXCHANGE
TEVA,EXCHANGE
TEX,EXCHANGE
TFSL,EXCHANGE
TFX,EXCHANGE
TG,EXCHANGE
TGA,EXCHANGE
TGB,EXCHANGE
TGD,EXCHANGE
TGH,EXCHANGE
TGI,EXCHANGE
TGNA,EXCHANGE
TGP,EXCHANGE
TGS,EXCHANGE
THC,EXCHANGE
THG,EXCHANGE
THR,EXCHANGE
TI,EXCHANGE
TICC,EXCHANGE
TIME,EXCHANGE
TINY,EXCHANGE
TISI,EXCHANGE
TITN,EXCHANGE
TK,EXCHANGE
TKC,EXCHANGE
TKR,EXCHANGE
TLK,EXCHANGE
TLLP,EXCHANGE
TLMR,EXCHANGE
TLN,EXCHANGE
TLP,EXCHANGE
TLRD,EXCHANGE
TMH,EXCHANGE
TMK,EXCHANGE
TMO,EXCHANGE
TMST,EXCHANGE
TMUS,EXCHANGE
TNC,EXCHANGE
TNDM,EXCHANGE
TNH,EXCHANGE
TNK,EXCHANGE
TNP,EXCHANGE
TOO,EXCHANGE
TOPS,EXCHANGE
TOT,EXCHANGE
TOUR,EXCHANGE
TOWN,EXCHANGE
TPC,EXCHANGE
TPL,EXCHANGE
TPLM,EXCHANGE
TPRE,EXCHANGE
TPVG,EXCHANGE
TRCO,EXCHANGE
TREE,EXCHANGE
TREX,EXCHANGE
TRGP,EXCHANGE
TRIB,EXCHANGE
TRIL,EXCHANGE
TRIP,EXCHANGE
TRMB,EXCHANGE
TRMK,EXCHANGE
TRMR,EXCHANGE
TRN,EXCHANGE
TRNO,EXCHANGE
TROW,EXCHANGE
TROX,EXCHANGE
TRP,EXCHANGE
TRQ,EXCHANGE
TRST,EXCHANGE
TRV,EXCHANGE
TS,EXCHANGE
TSC,EXCHANGE
TSE,EXCHANGE
TSL,EXCHANGE
TSLX,EXCHANGE
TSO,EXCHANGE
TSQ,EXCHANGE
TSRO,EXCHANGE
TSS,EXCHANGE
TST,EXCHANGE
TSU,EXCHANGE
TTC,EXCHANGE
TTEK,EXCHANGE
TTI,EXCHANGE
TTOO,EXCHANGE
TTPH,EXCHANGE
TU,EXCHANGE
TV,EXCHANGE
TWC,EXCHANGE
TWI,EXCHANGE
TWIN,EXCHANGE
TWO,EXCHANGE
TWTR,EXCHANGE
TWX,EXCHANGE
TX,EXCHANGE
TXT,EXCHANGE
TYC,EXCHANGE
TZOO,EXCHANGE
UAM,EXCHANGE
UAN,EXCHANGE
UBA,EXCHANGE
UBFO,EXCHANGE
UBNK,EXCHANGE
UBS,EXCHANGE
UBSH,EXCHANGE
UBSI,EXCHANGE
UCBI,EXCHANGE
UCFC,EXCHANGE
UDR,EXCHANGE
UE,EXCHANGE
UEPS,EXCHANGE
UFPI,EXCHANGE
UFPT,EXCHANGE
UFS,EXCHANGE
UGI,EXCHANGE
UGP,EXCHANGE
UHAL,EXCHANGE
UHS,EXCHANGE
UHT,EXCHANGE
UIHC,EXCHANGE
UMBF,EXCHANGE
UMPQ,EXCHANGE
UNH,EXCHANGE
UNM,EXCHANGE
UNP,EXCHANGE
UNT,EXCHANGE
UNVR,EXCHANGE
UPS,EXCHANGE
URG,EXCHANGE
URI,EXCHANGE
USAK,EXCHANGE
USAP,EXCHANGE
USB,EXCHANGE
USCR,EXCHANGE
USEG,EXCHANGE
USG,EXCHANGE
USLM,EXCHANGE
USM,EXCHANGE
USNA,EXCHANGE
USPH,EXCHANGE
UTHR,EXCHANGE
UTL,EXCHANGE
UTMD,EXCHANGE
UTX,EXCHANGE
UVE,EXCHANGE
V,EXCHANGE
VAL,EXCHANGE
VALE,EXCHANGE
VAR,EXCHANGE
VASC,EXCHANGE
VEDL,EXCHANGE
VER,EXCHANGE
VET,EXCHANGE
VG,EXCHANGE
VHI,EXCHANGE
VIA,EXCHANGE
VIAB,EXCHANGE
VICL,EXCHANGE
VIP,EXCHANGE
VISN,EXCHANGE
VIV,EXCHANGE
VIVO,EXCHANGE
VLO,EXCHANGE
VLP,EXCHANGE
VLY,EXCHANGE
VMC,EXCHANGE
VMI,EXCHANGE
VNDA,EXCHANGE
VNET,EXCHANGE
VNO,EXCHANGE
VNR,EXCHANGE
VNTV,EXCHANGE
VOD,EXCHANGE
VOYA,EXCHANGE
VR,EXCHANGE
VRML,EXCHANGE
VRSN,EXCHANGE
VRTS,EXCHANGE
VRTX,EXCHANGE
VRX,EXCHANGE
VSAR,EXCHANGE
VSLR,EXCHANGE
VSTM,EXCHANGE
VTAE,EXCHANGE
VTL,EXCHANGE
VTR,EXCHANGE
VVC,EXCHANGE
VVUS,EXCHANGE
VWR,EXCHANGE
VZ,EXCHANGE
WAB,EXCHANGE
WABC,EXCHANGE
WAC,EXCHANGE
WAFD,EXCHANGE
WAIR,EXCHANGE
WAL,EXCHANGE
WASH,EXCHANGE
WAT,EXCHANGE
WBB,EXCHANGE
WBC,EXCHANGE
WBK,EXCHANGE
WBMD,EXCHANGE
WBS,EXCHANGE
WCC,EXCHANGE
WCG,EXCHANGE
WCN,EXCHANGE
WD,EXCHANGE
WDFC,EXCHANGE
WDR,EXCHANGE
WEC,EXCHANGE
WERN,EXCHANGE
WES,EXCHANGE
WETF,EXCHANGE
WEX,EXCHANGE
WFC,EXCHANGE
WFT,EXCHANGE
WG,EXCHANGE
WGL,EXCHANGE
WGP,EXCHANGE
WHG,EXCHANGE
WHLR,EXCHANGE
WIBC,EXCHANGE
WIFI,EXCHANGE
WIN,EXCHANGE
WIRE,EXCHANGE
WIX,EXCHANGE
WLB,EXCHANGE
WLK,EXCHANGE
WLKP,EXCHANGE
WLL,EXCHANGE
WM,EXCHANGE
WMB,EXCHANGE
WMC,EXCHANGE
WMGI,EXCHANGE
WMIH,EXCHANGE
WMLP,EXCHANGE
WMS,EXCHANGE
WNC,EXCHANGE
WNR,EXCHANGE
WNRL,EXCHANGE
WOOF,EXCHANGE
WOR,EXCHANGE
WPC,EXCHANGE
WPG,EXCHANGE
WPPGY,EXCHANGE
WPX,EXCHANGE
WPZ,EXCHANGE
WR,EXCHANGE
WRB,EXCHANGE
WRE,EXCHANGE
WRI,EXCHANGE
WRK,EXCHANGE
WRLD,EXCHANGE
WRN,EXCHANGE
WSBC,EXCHANGE
WSBF,EXCHANGE
WSFS,EXCHANGE
WSO,EXCHANGE
WSR,EXCHANGE
WST,EXCHANGE
WSTC,EXCHANGE
WTFC,EXCHANGE
WTI,EXCHANGE
WTM,EXCHANGE
WTR,EXCHANGE
WTS,EXCHANGE
WU,EXCHANGE
WUBA,EXCHANGE
WWD,EXCHANGE
WWE,EXCHANGE
WY,EXCHANGE
X,EXCHANGE
XBKS,EXCHANGE
XCO,EXCHANGE
XEC,EXCHANGE
XEL,EXCHANGE
XENE,EXCHANGE
XENT,EXCHANGE
XHR,EXCHANGE
XIN,EXCHANGE
XL,EXCHANGE
XLRN,EXCHANGE
XNCR,EXCHANGE
XNET,EXCHANGE
XNPT,EXCHANGE
XOM,EXCHANGE
XON,EXCHANGE
XOXO,EXCHANGE
XPL,EXCHANGE
XPO,EXCHANGE
XRA,EXCHANGE
XRAY,EXCHANGE
XRM,EXCHANGE
XYL,EXCHANGE
Y,EXCHANGE
YDKN,EXCHANGE
YELP,EXCHANGE
YGE,EXCHANGE
YHOO,EXCHANGE
YNDX,EXCHANGE
YOKU,EXCHANGE
YORW,EXCHANGE
YPF,EXCHANGE
YRCW,EXCHANGE
YUME,EXCHANGE
YY,EXCHANGE
YZC,EXCHANGE
ZAGG,EXCHANGE
ZAIS,EXCHANGE
ZAYO,EXCHANGE
ZBH,EXCHANGE
ZEUS,EXCHANGE
ZFGN,EXCHANGE
ZG,EXCHANGE
ZGNX,EXCHANGE
ZION,EXCHANGE
ZIOP,EXCHANGE
ZIXI,EXCHANGE
ZLTQ,EXCHANGE
ZPIN,EXCHANGE
ZTS,EXCHANGE
TRUE,EXCHANGE
