Exchange,Symbol,Sector
NYSE,A,Health Care
NYSE,AAC,Health Care
NASDAQ,AAVL,Health Care
NASDAQ,ABAX,Health Care
NYSE,ABBV,Health Care
NYSE,ABC,Health Care
NASDAQ,ABIO,Health Care
NASDAQ,ABMD,Health Care
NYSE,ABT,Health Care
NASDAQ,ABUS,Health Care
NASDAQ,ACAD,Health Care
NASDAQ,ACET,Health Care
NASDAQ,ACHC,Health Care
NASDAQ,ACHN,Health Care
NASDAQ,ACOR,Health Care
NASDAQ,ACRX,Health Care
NASDAQ,ADAP,Health Care
NYSE,ADPT,Health Care
NASDAQ,ADXS,Health Care
NASDAQ,AEGR,Health Care
NASDAQ,AERI,Health Care
NYSE,AET,Health Care
NASDAQ,AFAM,Health Care
NASDAQ,AFFX,Health Care
NASDAQ,AGEN,Health Care
NASDAQ,AGIO,Health Care
NYSE,AGN-A,Health Care
NYSE,AGN,Health Care
NASDAQ,AIRM,Health Care
NASDAQ,AKRX,Health Care
NASDAQ,ALDR,Health Care
NASDAQ,ALGN,Health Care
NASDAQ,ALKS,Health Care
NASDAQ,ALNY,Health Care
NASDAQ,ALOG,Health Care
NYSE,ALR-B,Health Care
NYSE,ALR,Health Care
NASDAQ,ALXN,Health Care
NASDAQ,AMAG,Health Care
NASDAQ,AMED,Health Care
NASDAQ,AMGN,Health Care
AMEX,AMPE,Health Care
NASDAQ,AMRI,Health Care
NASDAQ,AMRN,Health Care
NASDAQ,AMSG,Health Care
NASDAQ,ANAC,Health Care
NASDAQ,ANGO,Health Care
NASDAQ,ANIK,Health Care
NASDAQ,ANIP,Health Care
NASDAQ,ANTH,Health Care
NYSE,ANTM,Health Care
NASDAQ,AQXP,Health Care
NASDAQ,ARAY,Health Care
NASDAQ,ARIA,Health Care
NASDAQ,ARNA,Health Care
NASDAQ,ARQL,Health Care
NASDAQ,ARRY,Health Care
NASDAQ,ARWR,Health Care
NASDAQ,ASND,Health Care
NASDAQ,ATRA,Health Care
NASDAQ,ATRC,Health Care
NASDAQ,ATRS,Health Care
NASDAQ,AVEO,Health Care
NASDAQ,AXDX,Health Care
NYSE,AXON,Health Care
NYSE,AZN,Health Care
NASDAQ,BABY,Health Care
NYSE,BAX,Health Care
NYSE,BCR,Health Care
NASDAQ,BCRX,Health Care
NASDAQ,BDSI,Health Care
NYSE,BDX,Health Care
NASDAQ,BEAT,Health Care
NASDAQ,BIIB,Health Care
NYSE,BIO.B,Health Care
NYSE,BIO,Health Care
NASDAQ,BIOD,Health Care
NASDAQ,BIOL,Health Care
NASDAQ,BIOS,Health Care
NYSE,BKD,Health Care
NASDAQ,BLUE,Health Care
NASDAQ,BMRN,Health Care
NYSE,BMY,Health Care
NASDAQ,BOTA,Health Care
NASDAQ,BRKR,Health Care
NYSE,BSX,Health Care
NYSE,BXLT,Health Care
NYSE,CAH,Health Care
NASDAQ,CASI,Health Care
NASDAQ,CBIO,Health Care
NYSE,CBM,Health Care
NASDAQ,CELG,Health Care
NASDAQ,CEMP,Health Care
NASDAQ,CERS,Health Care
NYSE,CHE,Health Care
NASDAQ,CHRS,Health Care
NYSE,CI,Health Care
NASDAQ,CLDN,Health Care
NASDAQ,CLDX,Health Care
NASDAQ,CLSN,Health Care
NASDAQ,CLVS,Health Care
NASDAQ,CMRX,Health Care
NYSE,CNC,Health Care
NASDAQ,CNMD,Health Care
NYSE,COO,Health Care
NASDAQ,CPHD,Health Care
NYSE,CRL,Health Care
NASDAQ,CSII,Health Care
NASDAQ,CTIC,Health Care
NYSE,CTLT,Health Care
NASDAQ,CUTR,Health Care
AMEX,CVM-WS,Health Care
AMEX,CVM,Health Care
NASDAQ,CXRX,Health Care
NYSE,CYH,Health Care
NASDAQ,CYNO,Health Care
NASDAQ,CYTK,Health Care
NASDAQ,CYTR,Health Care
NASDAQ,DCTH,Health Care
NASDAQ,DEPO,Health Care
NYSE,DGX,Health Care
NYSE,DHR,Health Care
NYSE,DPLO,Health Care
NYSE,DVA,Health Care
NASDAQ,DVAX,Health Care
NASDAQ,DXCM,Health Care
NASDAQ,EBIO,Health Care
NYSE,EBS,Health Care
NASDAQ,ECYT,Health Care
NASDAQ,EGRX,Health Care
NASDAQ,ELGX,Health Care
NASDAQ,ELOS,Health Care
NASDAQ,ENDP,Health Care
NASDAQ,ENTA,Health Care
NYSE,ENZ,Health Care
NASDAQ,ENZN,Health Care
NASDAQ,EPZM,Health Care
NASDAQ,ESMC,Health Care
NASDAQ,ESPR,Health Care
NASDAQ,ESRX,Health Care
NYSE,EVHC,Health Care
NYSE,EW,Health Care
NYSE,EXAM,Health Care
NASDAQ,EXAS,Health Care
NASDAQ,EXEL,Health Care
NASDAQ,FLDM,Health Care
NASDAQ,FLML,Health Care
NASDAQ,FMI,Health Care
NYSE,FMS,Health Care
NASDAQ,FOLD,Health Care
NASDAQ,GALT,Health Care
NYSE,GB,Health Care
NYSE,GEN,Health Care
NASDAQ,GERN,Health Care
NYSE,GI,Health Care
NASDAQ,GILD,Health Care
NYSE,GMED,Health Care
NASDAQ,GNVC,Health Care
NASDAQ,GRFS,Health Care
NYSE,GSK,Health Care
NYSE,GTS,Health Care
NASDAQ,GTXI,Health Care
NASDAQ,GWPH,Health Care
NYSE,HAE,Health Care
NASDAQ,HALO,Health Care
NYSE,HCA,Health Care
NYSE,HGR,Health Care
NYSE,HLS-WS,Health Care
NYSE,HLS,Health Care
AMEX,HLTH,Health Care
NASDAQ,HNSN,Health Care
NYSE,HNT,Health Care
NASDAQ,HOLX,Health Care
NASDAQ,HQY,Health Care
NYSE,HRC,Health Care
AMEX,HRT,Health Care
NASDAQ,HRTX,Health Care
NASDAQ,HSIC,Health Care
NASDAQ,HTWR,Health Care
NYSE,HUM,Health Care
NASDAQ,HWAY,Health Care
NYSE,HYH,Health Care
NASDAQ,HZNP,Health Care
NASDAQ,IART,Health Care
NASDAQ,ICLR,Health Care
NASDAQ,ICPT,Health Care
NASDAQ,ICUI,Health Care
NASDAQ,IDRA,Health Care
NASDAQ,IDXX,Health Care
NASDAQ,ILMN,Health Care
NASDAQ,IMGN,Health Care
NASDAQ,IMMU,Health Care
NASDAQ,INCY,Health Care
NASDAQ,INFI,Health Care
NASDAQ,INGN,Health Care
NASDAQ,INO,Health Care
NASDAQ,INSM,Health Care
NASDAQ,INSY,Health Care
NASDAQ,IPXL,Health Care
NASDAQ,IRWD,Health Care
NASDAQ,ISRG,Health Care
NASDAQ,ITCI,Health Care
NYSE,IVC,Health Care
NASDAQ,JAZZ,Health Care
NYSE,JNJ,Health Care
NASDAQ,JUNO,Health Care
NASDAQ,KANG,Health Care
NASDAQ,KERX,Health Care
NASDAQ,KITE,Health Care
NYSE,KND,Health Care
NASDAQ,KPTI,Health Care
NYSE,LCI,Health Care
NASDAQ,LDRH,Health Care
NASDAQ,LENS,Health Care
NASDAQ,LGND,Health Care
NYSE,LH,Health Care
NASDAQ,LHCG,Health Care
NASDAQ,LIFE,Health Care
NASDAQ,LJPC,Health Care
NYSE,LLY,Health Care
NASDAQ,LMNX,Health Care
NASDAQ,LPNT,Health Care
NASDAQ,LXRX,Health Care
NASDAQ,MACK,Health Care
NASDAQ,MASI,Health Care
NYSE,MCK,Health Care
NASDAQ,MCRB,Health Care
NYSE,MD,Health Care
NASDAQ,MDCO,Health Care
NYSE,MDT,Health Care
NASDAQ,MDVN,Health Care
NASDAQ,MDXG,Health Care
NASDAQ,MEIP,Health Care
NASDAQ,MGLN,Health Care
NASDAQ,MGNX,Health Care
NASDAQ,MMSI,Health Care
NYSE,MNK,Health Care
NASDAQ,MNKD,Health Care
NASDAQ,MNTA,Health Care
NYSE,MOH,Health Care
NYSE,MR,Health Care
NYSE,MRK,Health Care
NYSE,MTD,Health Care
NASDAQ,MYGN,Health Care
NASDAQ,MYL,Health Care
NASDAQ,NBIX,Health Care
NASDAQ,NEOG,Health Care
NASDAQ,NHTC,Health Care
NASDAQ,NKTR,Health Care
NASDAQ,NLNK,Health Care
AMEX,NSPR,Health Care
NASDAQ,NURO,Health Care
NASDAQ,NUVA,Health Care
NASDAQ,NVAX,Health Care
NASDAQ,NVLS,Health Care
NYSE,NVO,Health Care
NYSE,NVRO,Health Care
NYSE,NVS,Health Care
NASDAQ,NXTM,Health Care
NASDAQ,OCUL,Health Care
NASDAQ,OFIX,Health Care
NASDAQ,OHRP,Health Care
NASDAQ,OMER,Health Care
NYSE,OMI,Health Care
NASDAQ,ONCE,Health Care
NASDAQ,ONTY,Health Care
AMEX,ONVO,Health Care
NASDAQ,OPHT,Health Care
NYSE,OPK,Health Care
NASDAQ,OREX,Health Care
NASDAQ,OSIR,Health Care
NASDAQ,OVAS,Health Care
NYSE,PBH,Health Care
NYSE,PBYI,Health Care
NASDAQ,PCRX,Health Care
NASDAQ,PDCO,Health Care
NASDAQ,PDLI,Health Care
NYSE,PFE,Health Care
NASDAQ,PGNX,Health Care
NYSE,PHG,Health Care
NYSE,PKI,Health Care
AMEX,PLX,Health Care
NYSE,PMC,Health Care
NASDAQ,PODD,Health Care
NASDAQ,PRAH,Health Care
NASDAQ,PRAN,Health Care
NYSE,PRGO,Health Care
NASDAQ,PRTA,Health Care
NASDAQ,PRXL,Health Care
NASDAQ,PSTI,Health Care
NASDAQ,PTCT,Health Care
NASDAQ,PTLA,Health Care
NYSE,Q,Health Care
NASDAQ,QDEL,Health Care
NASDAQ,QGEN,Health Care
NASDAQ,QLTI,Health Care
NASDAQ,QURE,Health Care
NASDAQ,RARE,Health Care
NASDAQ,RDUS,Health Care
NYSE,RDY,Health Care
NASDAQ,REGN,Health Care
NASDAQ,RGEN,Health Care
NASDAQ,RGLS,Health Care
NASDAQ,RIGL,Health Care
NASDAQ,RLYP,Health Care
NYSE,RMD,Health Care
NASDAQ,RMTI,Health Care
NASDAQ,RPRX,Health Care
NASDAQ,RPTP,Health Care
NASDAQ,RTIX,Health Care
NASDAQ,RTRX,Health Care
NASDAQ,SAGE,Health Care
NASDAQ,SCAI,Health Care
NASDAQ,SCLN,Health Care
NASDAQ,SCMP,Health Care
NYSE,SEM,Health Care
NASDAQ,SGEN,Health Care
NASDAQ,SGMO,Health Care
NASDAQ,SGNT,Health Care
NASDAQ,SGYP,Health Care
NASDAQ,SHPG,Health Care
NASDAQ,SIRO,Health Care
NYSE,SNN,Health Care
NASDAQ,SNTA,Health Care
NYSE,SNY,Health Care
NASDAQ,SPNC,Health Care
NASDAQ,SPPI,Health Care
NASDAQ,SQNM,Health Care
NASDAQ,SRDX,Health Care
NASDAQ,SRNE,Health Care
NASDAQ,SRPT,Health Care
NYSE,STE,Health Care
NASDAQ,STEM,Health Care
NYSE,STJ,Health Care
NASDAQ,SUPN,Health Care
NASDAQ,SVA,Health Care
NYSE,SYK,Health Care
AMEX,SYN,Health Care
NYSE,TARO,Health Care
NYSE,TDOC,Health Care
NASDAQ,TEAR,Health Care
NASDAQ,TECH,Health Care
NYSE,TEVA,Health Care
NYSE,TFX,Health Care
NYSE,THC,Health Care
NASDAQ,THLD,Health Care
NASDAQ,TLGT,Health Care
NYSE,TMH,Health Care
NYSE,TMO,Health Care
AMEX,TRXC,Health Care
NASDAQ,TSRO,Health Care
NASDAQ,TTNP,Health Care
NASDAQ,TTPH,Health Care
AMEX,TXMD,Health Care
NYSE,UAM,Health Care
NYSE,UHS,Health Care
NYSE,UNH,Health Care
NYSE,USNA,Health Care
NASDAQ,UTHR,Health Care
NYSE,VAR,Health Care
NASDAQ,VICL,Health Care
NASDAQ,VIVO,Health Care
NASDAQ,VNDA,Health Care
NASDAQ,VRTX,Health Care
NYSE,VRX,Health Care
NASDAQ,VVUS,Health Care
NASDAQ,VWR,Health Care
NYSE,WAT,Health Care
NYSE,WCG,Health Care
NASDAQ,WMGI,Health Care
NASDAQ,WOOF,Health Care
NYSE,WST,Health Care
NASDAQ,XENT,Health Care
NASDAQ,XLRN,Health Care
NASDAQ,XNPT,Health Care
NASDAQ,XOMA,Health Care
NYSE,XON,Health Care
NASDAQ,XRAY,Health Care
NYSE,ZBH,Health Care
NASDAQ,ZFGN,Health Care
NASDAQ,ZGNX,Health Care
NASDAQ,ZIOP,Health Care
NASDAQ,ZLTQ,Health Care
NYSE,ZTS,Health Care
AMEX,ADK-A,Health Care
NYSE,CDEUW.PK,Health Care
AMEX,BTX-WS,Health Care
AMEX,MDGN-WS,Health Care
AMEX,PVCT-WS,Health Care
AMEX,ADK,Health Care
AMEX,AMS,Health Care
AMEX,APHB,Health Care
AMEX,APT,Health Care
AMEX,AST,Health Care
AMEX,ATNM,Health Care
AMEX,AXN,Health Care
AMEX,BPMX,Health Care
AMEX,BTX,Health Care
AMEX,BVX,Health Care
AMEX,CANF,Health Care
AMEX,CPHI,Health Care
AMEX,CRHM,Health Care
AMEX,CRMD,Health Care
AMEX,CVRS,Health Care
AMEX,DXR,Health Care
AMEX,ELMD,Health Care
AMEX,ERB,Health Care
AMEX,HEB,Health Care
AMEX,HH,Health Care
AMEX,IMUC,Health Care
AMEX,INFU,Health Care
AMEX,ISR,Health Care
AMEX,MDGN,Health Care
AMEX,MLSS,Health Care
AMEX,MSTX,Health Care
AMEX,NAVB,Health Care
AMEX,NBY,Health Care
AMEX,NHC,Health Care
AMEX,NNVC,Health Care
AMEX,OGEN,Health Care
AMEX,PFNX,Health Care
AMEX,PIP,Health Care
AMEX,PTN,Health Care
AMEX,PVCT,Health Care
AMEX,RNN,Health Care
AMEX,RVP,Health Care
AMEX,SENS,Health Care
AMEX,SSY,Health Care
AMEX,TPI,Health Care
AMEX,VNRX,Health Care
AMEX,XTNT,Health Care
NASDAQ,AAAP,Health Care
NASDAQ,ABEO,Health Care
NASDAQ,ABEOW,Health Care
NASDAQ,ABIL,Health Care
NASDAQ,ABILW,Health Care
NASDAQ,ACRS,Health Care
NASDAQ,ACST,Health Care
NASDAQ,ACUR,Health Care
NASDAQ,ADHD,Health Care
NASDAQ,ADMA,Health Care
NASDAQ,ADMP,Health Care
NASDAQ,ADMS,Health Care
NASDAQ,ADRO,Health Care
NASDAQ,ADUS,Health Care
NASDAQ,ADXSW,Health Care
NASDAQ,AEMD,Health Care
NASDAQ,AEZS,Health Care
NASDAQ,AFMD,Health Care
NASDAQ,AGRX,Health Care
NASDAQ,AGTC,Health Care
NASDAQ,AHPI,Health Care
NASDAQ,AIMT,Health Care
NASDAQ,AIQ,Health Care
NASDAQ,AKAO,Health Care
NASDAQ,AKBA,Health Care
NASDAQ,AKER,Health Care
NASDAQ,AKTX,Health Care
NASDAQ,ALDX,Health Care
NASDAQ,ALIM,Health Care
NASDAQ,ALQA,Health Care
NASDAQ,ALXA,Health Care
NASDAQ,AMDA,Health Care
NASDAQ,AMPH,Health Care
NASDAQ,APPY,Health Care
NASDAQ,APRI,Health Care
NASDAQ,APTO,Health Care
NASDAQ,ARDM,Health Care
NASDAQ,ARDX,Health Care
NASDAQ,ARGS,Health Care
NASDAQ,ASMB,Health Care
NASDAQ,ATEC,Health Care
NASDAQ,ATHX,Health Care
NASDAQ,ATOS,Health Care
NASDAQ,ATRI,Health Care
NASDAQ,AUPH,Health Care
NASDAQ,AVGR,Health Care
NASDAQ,AVXL,Health Care
NASDAQ,AVXS,Health Care
NASDAQ,AXGN,Health Care
NASDAQ,AXSM,Health Care
NASDAQ,BASI,Health Care
NASDAQ,BCLI,Health Care
NASDAQ,BDMS,Health Care
NASDAQ,BIND,Health Care
NASDAQ,BIOC,Health Care
NASDAQ,BITI,Health Care
NASDAQ,BLCM,Health Care
NASDAQ,BLFS,Health Care
NASDAQ,BLPH,Health Care
NASDAQ,BLRX,Health Care
NASDAQ,BNTC,Health Care
NASDAQ,BNTCW,Health Care
NASDAQ,BPMC,Health Care
NASDAQ,BPTH,Health Care
NASDAQ,BSPM,Health Care
NASDAQ,BSTC,Health Care
NASDAQ,BUR,Health Care
NASDAQ,BVXV,Health Care
NASDAQ,BVXVW,Health Care
NASDAQ,CALA,Health Care
NASDAQ,CAPN,Health Care
NASDAQ,CAPNW,Health Care
NASDAQ,CAPR,Health Care
NASDAQ,CARA,Health Care
NASDAQ,CASM,Health Care
NASDAQ,CATB,Health Care
NASDAQ,CBAY,Health Care
NASDAQ,CBLI,Health Care
NASDAQ,CBMG,Health Care
NASDAQ,CBMX,Health Care
NASDAQ,CBMXW,Health Care
NASDAQ,CBYL,Health Care
NASDAQ,CCXI,Health Care
NASDAQ,CDNA,Health Care
NASDAQ,CDTX,Health Care
NASDAQ,CELGZ,Health Care
NASDAQ,CEMI,Health Care
NASDAQ,CERC,Health Care
NASDAQ,CERCW,Health Care
NASDAQ,CERCZ,Health Care
NASDAQ,CERU,Health Care
NASDAQ,CFMS,Health Care
NASDAQ,CFRX,Health Care
NASDAQ,CFRXW,Health Care
NASDAQ,CGEN,Health Care
NASDAQ,CGIX,Health Care
NASDAQ,CGNT,Health Care
NASDAQ,CHEK,Health Care
NASDAQ,CHEKW,Health Care
NASDAQ,CHMA,Health Care
NASDAQ,CLBS,Health Care
NASDAQ,CLCD,Health Care
NASDAQ,CLLS,Health Care
NASDAQ,CLRB,Health Care
NASDAQ,CLRBW,Health Care
NASDAQ,CNAT,Health Care
NASDAQ,CNCE,Health Care
NASDAQ,COLL,Health Care
NASDAQ,CORI,Health Care
NASDAQ,CORT,Health Care
NASDAQ,CPHR,Health Care
NASDAQ,CPIX,Health Care
NASDAQ,CPRX,Health Care
NASDAQ,CPXX,Health Care
NASDAQ,CRBP,Health Care
NASDAQ,CRDC,Health Care
NASDAQ,CRIS,Health Care
NASDAQ,CRME,Health Care
NASDAQ,CSBR,Health Care
NASDAQ,CTMX,Health Care
NASDAQ,CTRV,Health Care
NASDAQ,CTSO,Health Care
NASDAQ,CUR,Health Care
NASDAQ,CYAD,Health Care
NASDAQ,CYAN,Health Care
NASDAQ,CYCC,Health Care
NASDAQ,CYHHZ,Health Care
NASDAQ,CYNA,Health Care
NASDAQ,CYTX,Health Care
NASDAQ,DBVT,Health Care
NASDAQ,DERM,Health Care
NASDAQ,DHRM,Health Care
NASDAQ,DMTX,Health Care
NASDAQ,DNAI,Health Care
NASDAQ,DPRX,Health Care
NASDAQ,DRAD,Health Care
NASDAQ,DSCI,Health Care
NASDAQ,DSCO,Health Care
NASDAQ,DVCR,Health Care
NASDAQ,EARS,Health Care
NASDAQ,EBSB,Health Care
NASDAQ,ECTE,Health Care
NASDAQ,EDAP,Health Care
NASDAQ,EDGE,Health Care
NASDAQ,EGLT,Health Care
NASDAQ,ENSG,Health Care
NASDAQ,ENTL,Health Care
NASDAQ,ENZY,Health Care
NASDAQ,EPIX,Health Care
NASDAQ,EPRS,Health Care
NASDAQ,ETRM,Health Care
NASDAQ,EVAR,Health Care
NASDAQ,EVOK,Health Care
NASDAQ,EXAC,Health Care
NASDAQ,EYEG,Health Care
NASDAQ,EYEGW,Health Care
NASDAQ,EYES,Health Care
NASDAQ,FATE,Health Care
NASDAQ,FBIO,Health Care
NASDAQ,FCSC,Health Care
NASDAQ,FGEN,Health Care
NASDAQ,FLXN,Health Care
NASDAQ,FOMX,Health Care
NASDAQ,FONR,Health Care
NASDAQ,FPRX,Health Care
NASDAQ,FWP,Health Care
NASDAQ,GALE,Health Care
NASDAQ,GALTU,Health Care
NASDAQ,GALTW,Health Care
NASDAQ,GBIM,Health Care
NASDAQ,GBSN,Health Care
NASDAQ,GBT,Health Care
NASDAQ,GCVRZ,Health Care
NASDAQ,GENE,Health Care
NASDAQ,GHDX,Health Care
NASDAQ,GLMD,Health Care
NASDAQ,GLPG,Health Care
NASDAQ,GLYC,Health Care
NASDAQ,GNCA,Health Care
NASDAQ,GNMK,Health Care
NASDAQ,HART,Health Care
NASDAQ,HBIO,Health Care
NASDAQ,HSGX,Health Care
NASDAQ,HSKA,Health Care
NASDAQ,HTBX,Health Care
NASDAQ,HTGM,Health Care
NASDAQ,ICAD,Health Care
NASDAQ,ICCC,Health Care
NASDAQ,IMDZ,Health Care
NASDAQ,IMMY,Health Care
NASDAQ,IMNP,Health Care
NASDAQ,INCR,Health Care
NASDAQ,INNL,Health Care
NASDAQ,IPCI,Health Care
NASDAQ,IRIX,Health Care
NASDAQ,IRMD,Health Care
NASDAQ,ITEK,Health Care
NASDAQ,IVTY,Health Care
NASDAQ,JAGX,Health Care
NASDAQ,JNP,Health Care
NASDAQ,JYNT,Health Care
NASDAQ,KIN,Health Care
NASDAQ,KMDA,Health Care
NASDAQ,KMPH,Health Care
NASDAQ,KOOL,Health Care
NASDAQ,KTOV,Health Care
NASDAQ,KTOVW,Health Care
NASDAQ,KTWO,Health Care
NASDAQ,KURA,Health Care
NASDAQ,LBIO,Health Care
NASDAQ,LFVN,Health Care
NASDAQ,LIVN,Health Care
NASDAQ,LMAT,Health Care
NASDAQ,LNTH,Health Care
NASDAQ,LOXO,Health Care
NASDAQ,LPCN,Health Care
NASDAQ,LPTN,Health Care
NASDAQ,MCUR,Health Care
NASDAQ,MDGS,Health Care
NASDAQ,MDVX,Health Care
NASDAQ,MDVXW,Health Care
NASDAQ,MDWD,Health Care
NASDAQ,MESO,Health Care
NASDAQ,MGCD,Health Care
NASDAQ,MIRN,Health Care
NASDAQ,MNOV,Health Care
NASDAQ,MRNS,Health Care
NASDAQ,MRTX,Health Care
NASDAQ,MSLI,Health Care
NASDAQ,MSON,Health Care
NASDAQ,MTEX,Health Care
NASDAQ,MTP,Health Care
NASDAQ,MYOK,Health Care
NASDAQ,MZOR,Health Care
NASDAQ,NAII,Health Care
NASDAQ,NATR,Health Care
NASDAQ,NBRV,Health Care
NASDAQ,NDRM,Health Care
NASDAQ,NEO,Health Care
NASDAQ,NEOS,Health Care
NASDAQ,NEOT,Health Care
NASDAQ,NEPT,Health Care
NASDAQ,NERV,Health Care
NASDAQ,NK,Health Care
NASDAQ,NRX,Health Care
NASDAQ,NSPH,Health Care
NASDAQ,NSTG,Health Care
NASDAQ,NTEC,Health Care
NASDAQ,NTRA,Health Care
NASDAQ,NUROW,Health Care
NASDAQ,NUTR,Health Care
NASDAQ,NVCN,Health Care
NASDAQ,NVCR,Health Care
NASDAQ,NVDQ,Health Care
NASDAQ,NVET,Health Care
NASDAQ,NVGN,Health Care
NASDAQ,NVIV,Health Care
NASDAQ,NWBO,Health Care
NASDAQ,NWBOW,Health Care
NASDAQ,NYMX,Health Care
NASDAQ,OASM,Health Care
NASDAQ,OCLS,Health Care
NASDAQ,OCLSW,Health Care
NASDAQ,OCRX,Health Care
NASDAQ,OGXI,Health Care
NASDAQ,OMED,Health Care
NASDAQ,ONCS,Health Care
NASDAQ,ONTX,Health Care
NASDAQ,OPGN,Health Care
NASDAQ,OPGNW,Health Care
NASDAQ,OPXA,Health Care
NASDAQ,OPXAW,Health Care
NASDAQ,ORMP,Health Care
NASDAQ,ORPN,Health Care
NASDAQ,OSUR,Health Care
NASDAQ,OTEL,Health Care
NASDAQ,OTEX,Health Care
NASDAQ,OTIC,Health Care
NASDAQ,OXFD,Health Care
NASDAQ,OXGN,Health Care
NASDAQ,PACB,Health Care
NASDAQ,PAHC,Health Care
NASDAQ,PARN,Health Care
NASDAQ,PBMD,Health Care
NASDAQ,PETX,Health Care
NASDAQ,PIRS,Health Care
NASDAQ,PMD,Health Care
NASDAQ,PPHM,Health Care
NASDAQ,PRPH,Health Care
NASDAQ,PRQR,Health Care
NASDAQ,PRSC,Health Care
NASDAQ,PRSNW,Health Care
NASDAQ,PRTK,Health Care
NASDAQ,PRTO,Health Care
NASDAQ,PSDV,Health Care
NASDAQ,PTIE,Health Care
NASDAQ,PTX,Health Care
NASDAQ,PULM,Health Care
NASDAQ,QTNT,Health Care
NASDAQ,RDHL,Health Care
NASDAQ,RDNT,Health Care
NASDAQ,RELV,Health Care
NASDAQ,REPH,Health Care
NASDAQ,RGNX,Health Care
NASDAQ,RIBT,Health Care
NASDAQ,RIBTW,Health Care
NASDAQ,RNVA,Health Care
NASDAQ,ROKA,Health Care
NASDAQ,ROSG,Health Care
NASDAQ,RTTR,Health Care
NASDAQ,RVNC,Health Care
NASDAQ,RWLK,Health Care
NASDAQ,RXDX,Health Care
NASDAQ,RXII,Health Care
NASDAQ,SBBP,Health Care
NASDAQ,SBOT,Health Care
NASDAQ,SCYX,Health Care
NASDAQ,SGNL,Health Care
NASDAQ,SGRY,Health Care
NASDAQ,SGYPU,Health Care
NASDAQ,SGYPW,Health Care
NASDAQ,SIEN,Health Care
NASDAQ,SKLN,Health Care
NASDAQ,SKLNU,Health Care
NASDAQ,SMLR,Health Care
NASDAQ,SMMT,Health Care
NASDAQ,SNSS,Health Care
NASDAQ,SPAN,Health Care
NASDAQ,SPHS,Health Care
NASDAQ,SPNE,Health Care
NASDAQ,SSH,Health Care
NASDAQ,SSRG,Health Care
NASDAQ,SSRI,Health Care
NASDAQ,STAA,Health Care
NASDAQ,STDY,Health Care
NASDAQ,STML,Health Care
NASDAQ,STXS,Health Care
NASDAQ,SYUT,Health Care
NASDAQ,TBIO,Health Care
NASDAQ,TBPH,Health Care
NASDAQ,TBRA,Health Care
NASDAQ,TCON,Health Care
NASDAQ,TENX,Health Care
NASDAQ,TGTX,Health Care
NASDAQ,TKAI,Health Care
NASDAQ,TLOG,Health Care
NASDAQ,TNDM,Health Care
NASDAQ,TNXP,Health Care
NASDAQ,TRIB,Health Care
NASDAQ,TRIL,Health Care
NASDAQ,TROV,Health Care
NASDAQ,TROVU,Health Care
NASDAQ,TROVW,Health Care
NASDAQ,TRVN,Health Care
NASDAQ,TTHI,Health Care
NASDAQ,TTOO,Health Care
NASDAQ,UNIS,Health Care
NASDAQ,USMD,Health Care
NASDAQ,UTMD,Health Care
NASDAQ,VASC,Health Care
NASDAQ,VBIV,Health Care
NASDAQ,VBLT,Health Care
NASDAQ,VCEL,Health Care
NASDAQ,VCYT,Health Care
NASDAQ,VKTX,Health Care
NASDAQ,VRML,Health Care
NASDAQ,VSAR,Health Care
NASDAQ,VSCP,Health Care
NASDAQ,VSTM,Health Care
NASDAQ,VTAE,Health Care
NASDAQ,VTL,Health Care
NASDAQ,VTVT,Health Care
NASDAQ,WGBS,Health Care
NASDAQ,WMGIZ,Health Care
NASDAQ,WVE,Health Care
NASDAQ,XBIT,Health Care
NASDAQ,XENE,Health Care
NASDAQ,XNCR,Health Care
NASDAQ,XRDC,Health Care
NASDAQ,XTLB,Health Care
NASDAQ,ZSAN,Health Care
NASDAQ,ZVZZC,Health Care
NASDAQ,ZYNE,Health Care
NYSE,CCM,Health Care
NYSE,CIVI,Health Care
NYSE,CO,Health Care
NYSE,CRY,Health Care
NYSE,CSU,Health Care
NYSE,FVE,Health Care
NYSE,GIB,Health Care
NYSE,GKOS,Health Care
NYSE,IHC,Health Care
NYSE,NVTA,Health Care
NYSE,OME,Health Care
NYSE,PEN,Health Care
NYSE,PVG,Health Care
NYSE,SPA,Health Care
NYSE,SSS,Health Care
NYSE,USPH,Health Care
NYSE_Arca,DYB,Health Care
NYSE_Arca,EMGF,Health Care
NYSE_Arca,LABS,Health Care
